vote_district_id,vote_letter_id,wlk_eu,wlk_gm,address,name,full_address,barrier_free,note
10101,10171,1    ,01   ,Georgsplatz 10,Kaiserin-Augusta-Gymnasium,50676 Köln,J,Eingang über Follerstr./Ecke Weberstraße
10102,10172,1    ,01   ,Perlengraben 101,Berufskolleg Perlengraben,50676 Köln,J,Eingang Waisenhausgasse
10103,10172,1    ,01   ,Perlengraben 101,Berufskolleg Perlengraben,50676 Köln,J,Eingang Waisenhausgasse
10104,10176,1    ,03   ,Trierer Str. 8,KGS Trierer Str.,50676 Köln,J,Eingang Am Pantaleonsberg
10105,10172,1    ,01   ,Trierer Str. 8,KGS Trierer Str.,50676 Köln,J,Eingang Am Pantaleonsberg
10106,10173,1    ,01   ,Trierer Str. 8,KGS Trierer Str.,50676 Köln,J,Eingang Am Pantaleonsberg
10107,10173,1    ,01   ,Ulrichgasse 1,Berufskolleg Ulrepforte,50678 Köln,J,
10108,10173,1    ,01   ,Zwirnerstr. 15,GGS Zwirnerstr.,50678 Köln,J,
10109,10174,1    ,01   ,Dreikönigenstraße 23,Bürgerhaus Stollwerck,50678 Köln,J,
10110,10174,1    ,01   ,Zwirnerstr. 15,GGS Zwirnerstr.,50678 Köln,J,
10111,10175,1    ,01   ,Severinswall 43,AWO Arnold-Overzier-Haus,50678 Köln,J,
10112,10175,1    ,01   ,Severinswall 43,AWO Arnold-Overzier-Haus,50678 Köln,J,
10113,10175,1    ,01   ,Severinswall 43,AWO Arnold-Overzier-Haus,50678 Köln,J,
10114,10176,1    ,03   ,Frankstr. 26,Konrad-Adenauer-Realschule,50676 Köln,J,
10115,10177,1    ,03   ,Frankstr. 26,Konrad-Adenauer-Realschule,50676 Köln,J,
10116,10177,1    ,03   ,Frankstr. 26,Konrad-Adenauer-Realschule,50676 Köln,J,
10117,10177,1    ,03   ,Frankstr. 26,Konrad-Adenauer-Realschule,50676 Köln,J,
10118,10172,1    ,01   ,Großer Griechenmarkt 76,Kath. HS Großer Griechenmarkt,50676 Köln,J,
10119,10171,1    ,01   ,Großer Griechenmarkt 76,Kath. HS Großer Griechenmarkt,50676 Köln,J,
10120,10178,1    ,06   ,Georgsplatz 10,Kaiserin-Augusta-Gymnasium,50676 Köln,J,Eingang über Follerstr./Ecke Weberstraße
10201,10271,1    ,02   ,Mainzer Str. 30-34,KGS Mainzer Str.,50678 Köln,J,
10202,10271,1    ,02   ,Mainzer Str. 30-34,KGS Mainzer Str.,50678 Köln,J,
10203,10271,1    ,02   ,Mainzer Str. 30-34,KGS Mainzer Str.,50678 Köln,J,
10204,10271,1    ,02   ,Mainzer Str. 30-34,KGS Mainzer Str.,50678 Köln,J,
10205,10271,1    ,02   ,Mainzer Str. 30-34,KGS Mainzer Str.,50678 Köln,J,
10206,10272,1    ,02   ,Mainzer Str. 30-34,KGS Mainzer Str.,50678 Köln,J,
10207,10272,1    ,02   ,Mainzer Str. 30-34,KGS Mainzer Str.,50678 Köln,J,
10208,10272,1    ,02   ,Mainzer Str. 30-34,KGS Mainzer Str.,50678 Köln,J,
10209,10272,1    ,02   ,Zugweg 48,Berufskolleg Südstadt,50677 Köln,J,
10210,10272,1    ,02   ,Zugweg 48,Berufskolleg Südstadt,50677 Köln,J,
10211,10273,1    ,02   ,Loreleystr. 3,GGS Loreleystr.,50677 Köln,N,
10212,10273,1    ,02   ,Loreleystr. 3,GGS Loreleystr.,50677 Köln,N,
10213,10273,1    ,02   ,Loreleystr. 3,GGS Loreleystr.,50677 Köln,N,
10214,10273,1    ,02   ,Loreleystr. 3,GGS Loreleystr.,50677 Köln,N,
10215,10274,1    ,02   ,Loreleystr. 3,GGS Loreleystr.,50677 Köln,N,
10216,10274,1    ,02   ,Loreleystr. 3,GGS Loreleystr.,50677 Köln,N,
10217,10274,1    ,02   ,Kartäuserwall 40,Humboldt-Gymnasium,50676 Köln,J,
10218,10274,1    ,02   ,Kartäuserwall 40,Humboldt-Gymnasium,50676 Köln,J,
10219,10275,1    ,02   ,Pfälzer Str. 30,GGS Pfälzer Str.,50677 Köln,J,
10220,10275,1    ,02   ,Pfälzer Str. 30,GGS Pfälzer Str.,50677 Köln,J,
10221,10275,1    ,02   ,Pfälzer Str. 30,GGS Pfälzer Str.,50677 Köln,J,
10222,10275,1    ,02   ,Pfälzer Str. 30,GGS Pfälzer Str.,50677 Köln,J,
10223,10276,1    ,03   ,Pfälzer Str. 30,GGS Pfälzer Str.,50677 Köln,J,
10224,10276,1    ,03   ,Pfälzer Str. 30,GGS Pfälzer Str.,50677 Köln,J,
10225,10276,1    ,03   ,Lochnerstr. 13-15,Stephan-Lochner-Schule,50674 Köln,N,
10226,10276,1    ,03   ,Lochnerstr. 13-15,Stephan-Lochner-Schule,50674 Köln,N,
10227,10277,1    ,03   ,Lochnerstr. 13-15,Stephan-Lochner-Schule,50674 Köln,N,
10228,10277,1    ,03   ,Lochnerstr. 13-15,Stephan-Lochner-Schule,50674 Köln,N,
10229,10277,1    ,03   ,Lochnerstr. 13-15,Stephan-Lochner-Schule,50674 Köln,N,
10230,10277,1    ,03   ,Lochnerstr. 13-15,Stephan-Lochner-Schule,50674 Köln,N,
10231,10278,1    ,03   ,Lindenstr. 78,Berufskolleg an der Lindenstraße,50674 Köln,J,
10232,10278,1    ,03   ,Lindenstr. 78,Berufskolleg an der Lindenstraße,50674 Köln,J,
10233,10278,1    ,03   ,Richard-Wagner-Str. 47,Berufskolleg 3,50674 Köln,J,
10234,10279,1    ,03   ,Richard-Wagner-Str. 47,Berufskolleg 3,50674 Köln,J,
10235,10279,1    ,03   ,Richard-Wagner-Str. 47,Berufskolleg 3,50674 Köln,J,
10301,10371,1    ,04   ,Alte Wallgasse 10,Königin-Luise-Schule,50672 Köln,J,Eingang Albertusstr. 19a
10302,10371,1    ,04   ,Alte Wallgasse 10,Königin-Luise-Schule,50672 Köln,J,Eingang Albertusstr. 19a
10303,10371,1    ,04   ,Alte Wallgasse 10,Königin-Luise-Schule,50672 Köln,J,Eingang Albertusstr. 19a
10304,10372,1    ,04   ,Rathausplatz 1,Rathaus Spanischer Bau,50667 Köln,J,Eingang Theo-Burauen-Platz
10305,10372,1    ,04   ,Rathausplatz 1,Rathaus Spanischer Bau,50667 Köln,J,Eingang Theo-Burauen-Platz
10306,10372,1    ,04   ,Machabäerstr. 47,Ursulinenschule,50668 Köln,J,
10307,10373,1    ,04   ,Machabäerstr. 47,Ursulinenschule,50668 Köln,J,
10308,10373,1    ,04   ,Thürmchenswall 48,Fachhochschule Thürmchenswall,50668 Köln,J,
10309,10373,1    ,04   ,Thürmchenswall 48,Fachhochschule Thürmchenswall,50668 Köln,J,
10310,10374,1    ,05   ,Hansaring 56,Hansa-Gymnasium,50670 Köln,J,Eingang Schulhof Vogteistr.
10311,10374,1    ,05   ,Hansaring 56,Hansa-Gymnasium,50670 Köln,J,Eingang Schulhof Vogteistr.
10312,10374,1    ,05   ,Hansaring 56,Hansa-Gymnasium,50670 Köln,J,Eingang Schulhof Vogteistr.
10313,10375,1    ,04   ,Unter Sachsenhausen 10-26,Industrie- u. Handelskammer,50667 Köln,J,
10314,10375,1    ,04   ,Unter Sachsenhausen 10-26,Industrie- u. Handelskammer,50667 Köln,J,Börsensaal
10401,10471,1    ,04   ,Antwerpener Str. 19,GGS Antwerpener Str.,50672 Köln,N,
10402,10471,1    ,04   ,Antwerpener Str. 19,GGS Antwerpener Str.,50672 Köln,N,
10403,10471,1    ,04   ,Antwerpener Str. 19,GGS Antwerpener Str.,50672 Köln,N,
10404,10472,1    ,04   ,Antwerpener Str. 19,GGS Antwerpener Str.,50672 Köln,N,
10405,10472,1    ,04   ,Antwerpener Str. 19,GGS Antwerpener Str.,50672 Köln,N,
10406,10472,1    ,04   ,Antwerpener Str. 19,GGS Antwerpener Str.,50672 Köln,N,
10407,10473,1    ,04   ,Antwerpener Str. 19,GGS Antwerpener Str.,50672 Köln,N,
10408,10472,1    ,04   ,Antwerpener Str. 19,GGS Antwerpener Str.,50672 Köln,N,
10409,10473,1    ,04   ,Gilbachstr. 20,Montessori-Grundschule,50672 Köln,N,
10410,10473,1    ,04   ,Gilbachstr. 20,Montessori-Grundschule,50672 Köln,N,
10411,10474,1    ,05   ,Hansaring 56,Hansa-Gymnasium,50670 Köln,J,Eingang Schulhof Vogteistr.
10412,10474,1    ,05   ,Bernhard-Letterhaus-Str. 17,Freie Schule Köln e. V.,50670 Köln,J,
10413,10475,1    ,05   ,Bernhard-Letterhaus-Str. 17,Freie Schule Köln e. V.,50670 Köln,J,
10414,10476,1    ,05   ,Bernhard-Letterhaus-Str. 17,Freie Schule Köln e. V.,50670 Köln,J,
10415,10476,1    ,05   ,Bernhard-Letterhaus-Str. 17,Freie Schule Köln e. V.,50670 Köln,J,
10416,10476,1    ,05   ,Melchiorstr. 3,Bürgerzentrum Alte Feuerwache e.V.,50670 Köln,J,
10417,10477,1    ,05   ,Blumenthalstr. 10-12,Schule Blumenthalstr,50670 Köln,N,
10418,10477,1    ,05   ,Blumenthalstr. 10-12,Schule Blumenthalstr,50670 Köln,N,
10419,10477,1    ,05   ,Blumenthalstr. 10-12,Schule Blumenthalstr,50670 Köln,N,
10420,10478,1    ,05   ,Balthasarstr. 87,GGS Balthasarstr.,50670 Köln,N,
10421,10478,1    ,05   ,Balthasarstr. 87,GGS Balthasarstr.,50670 Köln,N,
10422,10478,1    ,05   ,Balthasarstr. 87,GGS Balthasarstr.,50670 Köln,N,
10423,10479,1    ,05   ,Balthasarstr. 87,GGS Balthasarstr.,50670 Köln,N,
10424,10479,1    ,05   ,Riehler Platz 2,Oberfinanzdirektion Rheinland,50668 Köln,J,Eingangshalle-Hochhaus
10425,10479,1    ,05   ,Riehler Platz 2,Oberfinanzdirektion Rheinland,50668 Köln,J,Eingangshalle-Hochhaus
10501,10571,1    ,06   ,Mindener Str. 2,Rheinische RVK,50679 Köln,J,Rheinlandhaus
10502,10571,1    ,06   ,Mindener Str. 2,Rheinische RVK,50679 Köln,J,Rheinlandhaus
10503,10571,1    ,06   ,Tempelstraße 41-43,Bürgerzentrum Deutz,50679 Köln,J,
10504,10571,1    ,06   ,Tempelstraße 41-43,Bürgerzentrum Deutz,50679 Köln,J,
10505,10572,1    ,06   ,Eumeniusstr. 4,Berufskolleg Deutzer Freiheit,50679 Köln,J,
10506,10572,1    ,06   ,Eumeniusstr. 4,Berufskolleg Deutzer Freiheit,50679 Köln,J,
10507,10572,1    ,06   ,Eitorfer Str. 16,Nicolaus-August-Otto-Schule,50679 Köln,N,
10508,10572,1    ,06   ,Thusneldastr. 15-17,Gymnasium Thusneldastr.,50679 Köln,J,
10509,10572,1    ,06   ,Thusneldastr. 15-17,Gymnasium Thusneldastr.,50679 Köln,J,
10510,10573,1    ,06   ,Tempelstraße 41-43,Bürgerzentrum Deutz,50679 Köln,J,
10511,10573,1    ,06   ,Tempelstraße 41-43,Bürgerzentrum Deutz,50679 Köln,J,
10512,10573,1    ,06   ,Im Hasental 41,Realschule Im Hasental,50679 Köln,N,
10513,10573,1    ,06   ,Im Hasental 41,Realschule Im Hasental,50679 Köln,N,
20101,20171,1    ,12   ,Cäsarstr. 50,Maria-Sybilla-Merian-Schule,50968 Köln,J,
20102,20171,1    ,12   ,Cäsarstr. 50,Maria-Sybilla-Merian-Schule,50968 Köln,J,
20103,20171,1    ,12   ,Cäsarstr. 50,Maria-Sybilla-Merian-Schule,50968 Köln,J,
20104,20171,1    ,12   ,Cäsarstr. 50,Maria-Sybilla-Merian-Schule,50968 Köln,J,
20105,20172,1    ,12   ,Cäsarstr. 50,Maria-Sybilla-Merian-Schule,50968 Köln,J,
20106,20172,1    ,12   ,Cäsarstr. 50,Maria-Sybilla-Merian-Schule,50968 Köln,J,
20107,20172,1    ,12   ,Cäsarstr. 50,Maria-Sybilla-Merian-Schule,50968 Köln,J,
20108,20172,1    ,12   ,Cäsarstr. 50,Maria-Sybilla-Merian-Schule,50968 Köln,J,
20201,20271,1    ,12   ,Mehlemer Str. 27,Martin-Luther-Haus,50968 Köln,N,
20202,20271,1    ,12   ,Mehlemer Str. 27,Martin-Luther-Haus,50968 Köln,N,
20203,20272,1    ,12   ,Goethestr. 84,Pfarrheim St. Maria-Königin,50968 Köln,J,Eingang Leyboldstr.
20204,20272,1    ,12   ,Goethestr. 84,Pfarrheim St. Maria-Königin,50968 Köln,J,Eingang Leyboldstr.
20301,20371,1    ,13   ,Annastr. 63,GGS Annastr.,50968 Köln,N,
20302,20371,1    ,13   ,Annastr. 63,GGS Annastr.,50968 Köln,N,
20303,20371,1    ,13   ,Annastr. 63,GGS Annastr.,50968 Köln,N,
20401,20471,1    ,12   ,Raderthalgürtel 3,Europaschule Köln,50968 Köln,J,
20402,20471,1    ,12   ,Raderthalgürtel 3,Europaschule Köln,50968 Köln,J,
20403,20471,1    ,12   ,Raderthalgürtel 3,Europaschule Köln,50968 Köln,J,
20404,20471,1    ,12   ,Raderthalgürtel 3,Europaschule Köln,50968 Köln,J,
20501,20571,1    ,13   ,Rosenzweigweg 3,GGS Rosenzweigweg,50969 Köln,J,
20502,20571,1    ,13   ,Rosenzweigweg 3,GGS Rosenzweigweg,50969 Köln,J,
20503,20571,1    ,13   ,Rosenzweigweg 3,GGS Rosenzweigweg,50969 Köln,J,
20504,20571,1    ,13   ,Rosenzweigweg 3,GGS Rosenzweigweg,50969 Köln,J,
20505,20572,1    ,13   ,Irmgardstr. 13,Pfarrheim St. Pius,50969 Köln,J,
20506,20572,1    ,13   ,Irmgardstr. 13,Pfarrheim St. Pius,50969 Köln,J,
20507,20573,1    ,13   ,Bernhard-Feilchenfeld-Str. 5,Seniorenhaus Rosenpark,50969 Köln,J,
20508,20573,1    ,13   ,Bernhard-Feilchenfeld-Str. 5,Seniorenhaus Rosenpark,50969 Köln,J,
20509,20572,1    ,13   ,Rosenzweigweg 3,GGS Rosenzweigweg,50969 Köln,J,
20510,20573,1    ,13   ,Bernkasteler Str. 9,St.-Nikolaus-Schule,50969 Köln,J,
20511,20573,1    ,13   ,Bernkasteler Str. 9,St.-Nikolaus-Schule,50969 Köln,J,
20512,20574,1    ,13   ,Brüggener Str. 1,Alfred-Müller-Armack-Berufskolleg,50969 Köln,J,
20513,20574,1    ,13   ,Brüggener Str. 1,Alfred-Müller-Armack-Berufskolleg,50969 Köln,J,
20514,20574,1    ,13   ,Brüggener Str. 1,Alfred-Müller-Armack-Berufskolleg,50969 Köln,J,
20515,20574,1    ,13   ,Brüggener Str. 1,Alfred-Müller-Armack-Berufskolleg,50969 Köln,J,
20516,20575,1    ,13   ,Bornheimer Str. 1a,Ev. Kirchengemeinde,50969 Köln,J,
20517,20575,1    ,13   ,Bornheimer Str. 1a,Ev. Kirchengemeinde,50969 Köln,J,
20518,20575,1    ,13   ,Bornheimer Str. 1a,Ev. Kirchengemeinde,50969 Köln,J,
20601,20671,1    ,15   ,Adlerstr. 13,Anne-Frank-Schule,50997 Köln,J,
20602,20671,1    ,15   ,Adlerstr. 13,Anne-Frank-Schule,50997 Köln,J,
20603,20671,1    ,15   ,Adlerstr. 13,Anne-Frank-Schule,50997 Köln,J,
20604,20671,1    ,15   ,Adlerstr. 13,Anne-Frank-Schule,50997 Köln,J,
20605,20672,1    ,15   ,Carl-Jatho-Str. 1,Evang. Kirchengemeinde,50997 Köln,J,
20606,20672,1    ,15   ,Carl-Jatho-Str. 1,Evang. Kirchengemeinde,50997 Köln,J,
20607,20672,1    ,15   ,Adlerstr. 13,Anne-Frank-Schule,50997 Köln,J,
20608,20672,1    ,15   ,Adlerstr. 13,Anne-Frank-Schule,50997 Köln,J,
20609,20672,1    ,15   ,Adlerstr. 13,Anne-Frank-Schule,50997 Köln,J,
20610,20672,1    ,15   ,Adlerstr. 13,Anne-Frank-Schule,50997 Köln,J,
20701,20771,1    ,15   ,Bonner Landstr. 100,Pflanzen Mohr,50996 Köln,J,
20702,20771,1    ,15   ,Bonner Landstr. 100,Pflanzen Mohr,50996 Köln,J,
20801,20871,1    ,12   ,Sürther Str. 55,Gymnasium Rodenkirchen,50996 Köln,J,
20802,20871,1    ,12   ,Sürther Str. 55,Gymnasium Rodenkirchen,50996 Köln,J,
20803,20871,1    ,12   ,Brückenstr. 21,Caritas-Altenzentrum St. Maternus,50996 Köln,J,
20804,20872,1    ,12   ,Hauptstr. 85,Bezirksrathaus Rodenkirchen,50996 Köln,J,
20805,20872,1    ,12   ,Hauptstr. 85,Bezirksrathaus Rodenkirchen,50996 Köln,J,
20806,20873,1    ,14   ,Ringelnatzstr. 12,GHS Ringelnatzstraße,50996 Köln,J,
20807,20873,1    ,14   ,Ringelnatzstr. 12,GHS Ringelnatzstraße,50996 Köln,J,
20808,20873,1    ,14   ,Sürther Str. 55,Gymnasium Rodenkirchen,50996 Köln,J,
20809,20874,1    ,14   ,Sürther Str. 55,Gymnasium Rodenkirchen,50996 Köln,J,
20810,20874,1    ,14   ,Sürther Str. 55,Gymnasium Rodenkirchen,50996 Köln,J,
20811,20874,1    ,14   ,Mainstr. 75,Ernst-Moritz-Arndt-Schule,50996 Köln,J,Eingang Saarstr.
20812,20875,1    ,14   ,Mainstr. 75,Ernst-Moritz-Arndt-Schule,50996 Köln,J,Eingang Saarstr.
20813,20875,1    ,14   ,Mainstr. 75,Ernst-Moritz-Arndt-Schule,50996 Köln,J,Eingang Saarstr.
20814,20875,1    ,14   ,Sürther Str. 171,Berufsförderungswerk Köln,50999 Köln,J,
20901,20971,1    ,14   ,Zum Hedelsberg 13,Albert-Schweitzer-Schule,50999 Köln,J,
20902,20971,1    ,14   ,Zum Hedelsberg 13,Albert-Schweitzer-Schule,50999 Köln,J,
20903,20971,1    ,14   ,Zum Hedelsberg 13,Albert-Schweitzer-Schule,50999 Köln,J,
20904,20972,1    ,14   ,Zum Hedelsberg 13,Albert-Schweitzer-Schule,50999 Köln,J,
20905,20972,1    ,14   ,Zum Hedelsberg 13,Albert-Schweitzer-Schule,50999 Köln,J,
20906,20972,1    ,14   ,Zum Hedelsberg 13,Albert-Schweitzer-Schule,50999 Köln,J,
21001,21071,1    ,14   ,Zum Hedelsberg 13,Albert-Schweitzer-Schule,50999 Köln,J,
21002,21071,1    ,14   ,Zum Hedelsberg 13,Albert-Schweitzer-Schule,50999 Köln,J,
21003,21071,1    ,14   ,Sürther Hauptstr. 149,Brüder-Grimm-Schule,50999 Köln,J,
21004,21072,1    ,14   ,Sürther Hauptstr. 149,Brüder-Grimm-Schule,50999 Köln,J,
21005,21072,1    ,14   ,Sürther Hauptstr. 149,Brüder-Grimm-Schule,50999 Köln,J,
21006,21072,1    ,14   ,Sürther Hauptstr. 149,Brüder-Grimm-Schule,50999 Köln,J,
21007,21073,1    ,14   ,Auferstehungskirchweg 7,Ev. Kirchengem. Sürth/Weiß,50999 Köln,J,
21008,21073,1    ,14   ,Auferstehungskirchweg 7,Ev. Kirchengem. Sürth/Weiß,50999 Köln,J,
21009,21073,1    ,14   ,Auferstehungskirchweg 7,Ev. Kirchengem. Sürth/Weiß,50999 Köln,J,
21101,21171,1    ,15   ,Kuckucksweg 4,Johannes-Gutenberg-Schule,50997 Köln,J,Eingang Buchfinkenstr.
21102,21171,1    ,15   ,Kuckucksweg 4,Johannes-Gutenberg-Schule,50997 Köln,J,Eingang Buchfinkenstr.
21201,21271,1    ,15   ,Godorfer Str. 29,Freiherr-vom-Stein-Schule,50997 Köln,J,
21202,21271,1    ,15   ,Godorfer Str. 29,Freiherr-vom-Stein-Schule,50997 Köln,J,
21301,21371,1    ,15   ,Kettelerstr. 14,Ketteler-Schule,50997 Köln,J,
21302,21371,1    ,15   ,Kettelerstr. 14,Ketteler-Schule,50997 Köln,J,
21303,21371,1    ,15   ,Kettelerstr. 14,Ketteler-Schule,50997 Köln,J,
21304,21371,1    ,15   ,Kettelerstr. 14,Ketteler-Schule,50997 Köln,J,
30101,30171,1    ,16   ,Lohrbergstr. 46,KGS Lohrbergstr.,50939 Köln,J,
30102,30171,1    ,16   ,Lohrbergstr. 46,KGS Lohrbergstr.,50939 Köln,J,
30103,30171,1    ,16   ,Lohrbergstr. 46,KGS Lohrbergstr.,50939 Köln,J,
30104,30172,1    ,16   ,Lohrbergstr. 46,KGS Lohrbergstr.,50939 Köln,J,
30105,30172,1    ,16   ,Lohrbergstr. 46,KGS Lohrbergstr.,50939 Köln,J,
30106,30172,1    ,16   ,Stenzelbergstr. 3,GGS Stenzelbergstr.,50939 Köln,J,
30107,30172,1    ,16   ,Stenzelbergstr. 3,GGS Stenzelbergstr.,50939 Köln,J,
30108,30173,1    ,16   ,Stenzelbergstr. 3,GGS Stenzelbergstr.,50939 Köln,J,
30109,30173,1    ,16   ,Stenzelbergstr. 3,GGS Stenzelbergstr.,50939 Köln,J,
30110,30173,1    ,16   ,Stenzelbergstr. 3,GGS Stenzelbergstr.,50939 Köln,J,
30201,30271,1    ,16   ,Leybergstr. 1,Hildegard-von-Bingen-Schule,50939 Köln,J,
30202,30271,1    ,16   ,Leybergstr. 1,Hildegard-von-Bingen-Schule,50939 Köln,J,
30203,30272,1    ,16   ,Leybergstr. 1,Hildegard-von-Bingen-Schule,50939 Köln,J,
30204,30273,1    ,16   ,Leybergstr. 1,Hildegard-von-Bingen-Schule,50939 Köln,J,
30205,30273,1    ,16   ,Nikolausstr. 55,Schiller-Gymnasium,50937 Köln,J,
30206,30273,1    ,16   ,Nikolausstr. 55,Schiller-Gymnasium,50937 Köln,J,
30207,30272,1    ,16   ,Berrenrather Str. 179,KGS Berrenrather Str.,50937 Köln,N,
30208,30272,1    ,16   ,Berrenrather Str. 179,KGS Berrenrather Str.,50937 Köln,N,
30209,30271,1    ,16   ,Berrenrather Str. 179,KGS Berrenrather Str.,50937 Köln,N,
30210,30271,1    ,16   ,Berrenrather Str. 179,KGS Berrenrather Str.,50937 Köln,N,
30211,30274,1    ,17   ,Berrenrather Str. 352,GGS Manderscheider Platz,50937 Köln,N,
30212,30274,1    ,17   ,Berrenrather Str. 352,GGS Manderscheider Platz,50937 Köln,N,
30213,30274,1    ,17   ,Berrenrather Str. 352,GGS Manderscheider Platz,50937 Köln,N,
30214,30274,1    ,17   ,Berrenrather Str. 352,GGS Manderscheider Platz,50937 Köln,N,
30215,30275,1    ,17   ,Berrenrather Str. 488,Elsa-Brandström-Realschule,50937 Köln,J,
30216,30275,1    ,17   ,Berrenrather Str. 488,Elsa-Brandström-Realschule,50937 Köln,J,
30217,30275,1    ,17   ,Euskirchener Str. 50,Theodor-Heuss-Realschule,50935 Köln,N,
30218,30275,1    ,17   ,Euskirchener Str. 50,Theodor-Heuss-Realschule,50935 Köln,N,
30219,30276,1    ,17   ,Berrenrather Str. 352,GGS Manderscheider Platz,50937 Köln,N,
30220,30276,1    ,17   ,Berrenrather Str. 352,GGS Manderscheider Platz,50937 Köln,N,
30221,30277,1    ,17   ,Berrenrather Str. 352,GGS Manderscheider Platz,50937 Köln,N,
30222,30277,1    ,17   ,Berrenrather Str. 179,KGS Berrenrather Str.,50937 Köln,N,
30223,30278,1    ,17   ,Nikolausstr. 55,Schiller-Gymnasium,50937 Köln,J,
30224,30278,1    ,17   ,Nikolausstr. 55,Schiller-Gymnasium,50937 Köln,J,
30225,30278,1    ,17   ,Redwitzstr. 80,Förderschule Redwitzstr.,50937 Köln,J,
30226,30278,1    ,17   ,Redwitzstr. 80,Förderschule Redwitzstr.,50937 Köln,J,
30227,30279,1    ,17   ,Euskirchener Str. 50,Theodor-Heuss-Realschule,50935 Köln,N,
30228,30279,1    ,17   ,Euskirchener Str. 50,Theodor-Heuss-Realschule,50935 Köln,N,
30229,30279,1    ,17   ,Euskirchener Str. 50,Theodor-Heuss-Realschule,50935 Köln,N,
30230,30279,1    ,17   ,Euskirchener Str. 50,Theodor-Heuss-Realschule,50935 Köln,N,
30231,30279,1    ,17   ,Mommsenstr. 5,GHS Mommsenstraße,50935 Köln,J,
30232,30279,1    ,17   ,Mommsenstr. 5,GHS Mommsenstraße,50935 Köln,J,
30233,30280,1    ,17   ,Mommsenstr. 5,GHS Mommsenstraße,50935 Köln,J,
30234,30280,1    ,17   ,Mommsenstr. 5,GHS Mommsenstraße,50935 Köln,J,
30301,30371,1    ,18   ,Lindenthalgürtel 30,Evang. Gemeindehaus,50935 Köln,N,
30302,30371,1    ,18   ,Redwitzstr. 80,Förderschule Redwitzstr.,50937 Köln,J,
30303,30371,1    ,18   ,Redwitzstr. 80,Förderschule Redwitzstr.,50937 Köln,J,
30304,30372,1    ,18   ,Albertus-Magnus-Platz,Universität zu Köln,50931 Köln,J,
30305,30372,1    ,18   ,Albertus-Magnus-Platz,Universität zu Köln,50931 Köln,J,
30306,30372,1    ,18   ,Bachemer Str. 69,GGS Bachemer Str.,50931 Köln,J,
30307,30372,1    ,18   ,Bachemer Str. 69,GGS Bachemer Str.,50931 Köln,J,
30308,30373,1    ,18   ,Bachemer Str. 69,GGS Bachemer Str.,50931 Köln,J,
30309,30373,1    ,18   ,Bachemer Str. 69,GGS Bachemer Str.,50931 Köln,J,
30310,30373,1    ,18   ,Lindenburger Allee 38,KGS Lindenburger Allee,50931 Köln,J,Turnhalle
30311,30373,1    ,18   ,Lindenburger Allee 38,KGS Lindenburger Allee,50931 Köln,J,Turnhalle
30312,30374,1    ,18   ,Lindenthalgürtel 30,Evang. Gemeindehaus,50935 Köln,N,
30313,30374,1    ,18   ,Lindenthalgürtel 30,Evang. Gemeindehaus,50935 Köln,N,
30314,30374,1    ,18   ,Freiligrathstr. 60,GGS Freiligrathstr.,50935 Köln,J,
30315,30374,1    ,18   ,Freiligrathstr. 60,GGS Freiligrathstr.,50935 Köln,J,
30316,30375,1    ,18   ,Freiligrathstr. 60,GGS Freiligrathstr.,50935 Köln,J,
30317,30375,1    ,18   ,Freiligrathstr. 60,GGS Freiligrathstr.,50935 Köln,J,
30318,30376,1    ,18   ,Freiligrathstr. 60,GGS Freiligrathstr.,50935 Köln,J,
30319,30376,1    ,18   ,Freiligrathstr. 60,GGS Freiligrathstr.,50935 Köln,J,
30320,30376,1    ,18   ,Freiligrathstr. 60,GGS Freiligrathstr.,50935 Köln,J,
30321,30377,1    ,18   ,Biggestr. 2,Apostelgymnasium,50931 Köln,J,
30322,30377,1    ,18   ,Biggestr. 2,Apostelgymnasium,50931 Köln,J,
30323,30377,1    ,18   ,Biggestr. 2,Apostelgymnasium,50931 Köln,J,
30324,30378,1    ,19   ,Biggestr. 2,Apostelgymnasium,50931 Köln,J,
30325,30379,1    ,19   ,Brucknerstr. 15,Liebfrauenschule,50931 Köln,J,
30326,30379,1    ,19   ,Brucknerstr. 15,Liebfrauenschule,50931 Köln,J,
30401,30471,1    ,19   ,Geilenkircher Str. 52,GGS Geilenkircher Str.,50933 Köln,J,
30402,30471,1    ,19   ,Geilenkircher Str. 52,GGS Geilenkircher Str.,50933 Köln,J,
30403,30471,1    ,19   ,Geilenkircher Str. 52,GGS Geilenkircher Str.,50933 Köln,J,
30404,30472,1    ,19   ,Geilenkircher Str. 52,GGS Geilenkircher Str.,50933 Köln,J,
30405,30472,1    ,19   ,Peter-von-Fliesteden-Str. 1,Clarenbach-Stift,50933 Köln,J,
30406,30473,1    ,19   ,Aachener Str. 443,Griechisches Lyzeum,50933 Köln,N,
30407,30473,1    ,19   ,Aachener Str. 443,Griechisches Lyzeum,50933 Köln,N,
30408,30473,1    ,19   ,Aachener Str. 443,Griechisches Lyzeum,50933 Köln,N,
30409,30473,1    ,19   ,Aachener Str. 443,Griechisches Lyzeum,50933 Köln,N,
30501,30571,1    ,19   ,Neuer Grüner Weg 21,Clarenbachwerk Haus Andreas,50933 Köln,J,
30502,30571,1    ,19   ,Wendelinstr. 64,GGS Wendelinstr.,50933 Köln,J,
30503,30571,1    ,19   ,Wendelinstr. 64,GGS Wendelinstr.,50933 Köln,J,
30504,30572,1    ,20   ,Wendelinstr. 64,GGS Wendelinstr.,50933 Köln,J,
30505,30572,1    ,20   ,Wendelinstr. 64,GGS Wendelinstr.,50933 Köln,J,
30506,30572,1    ,20   ,Im Rapsfeld 32,Kita Ecole Maternelle,50933 Köln,J,
30507,30572,1    ,20   ,Im Rapsfeld 32,Kita Ecole Maternelle,50933 Köln,J,
30601,30671,1    ,20   ,Kirchweg 138,GGS Ildefons-Herwegen,50858 Köln,J,
30602,30671,1    ,20   ,Kirchweg 138,GGS Ildefons-Herwegen,50858 Köln,J,
30603,30671,1    ,20   ,Kirchweg 138,GGS Ildefons-Herwegen,50858 Köln,J,
30604,30671,1    ,20   ,Kirchweg 138,GGS Ildefons-Herwegen,50858 Köln,J,
30605,30672,1    ,20   ,Kirchweg 138,GGS Ildefons-Herwegen,50858 Köln,J,
30606,30672,1    ,20   ,Kirchweg 138,GGS Ildefons-Herwegen,50858 Köln,J,
30607,30672,1    ,20   ,Kirchweg 138,GGS Ildefons-Herwegen,50858 Köln,J,
30608,30673,1    ,20   ,Kirchweg 138,GGS Ildefons-Herwegen,50858 Köln,J,
30609,30673,1    ,20   ,Kirchweg 138,GGS Ildefons-Herwegen,50858 Köln,J,
30610,30673,1    ,20   ,Kirchweg 138,GGS Ildefons-Herwegen,50858 Köln,J,
30701,30771,1    ,20   ,Breslauer Str. 11,Albert Schweitzer-Grundschule,50858 Köln,J,
30702,30772,1    ,20   ,Breslauer Str. 11,Albert Schweitzer-Grundschule,50858 Köln,J,
30703,30771,1    ,20   ,Breslauer Str. 11,Albert Schweitzer-Grundschule,50858 Köln,J,
30704,30772,1    ,20   ,Breslauer Str. 11,Albert Schweitzer-Grundschule,50858 Köln,J,
30705,30771,1    ,20   ,Breslauer Str. 11,Albert Schweitzer-Grundschule,50858 Köln,J,
30706,30773,1    ,21   ,Schulstr. 2,Clarenhofschule,50859 Köln,J,
30707,30773,1    ,21   ,Schulstr. 2,Clarenhofschule,50859 Köln,J,
30708,30773,1    ,21   ,Schulstr. 2,Clarenhofschule,50859 Köln,J,
30709,30774,1    ,21   ,Schulstr. 2,Clarenhofschule,50859 Köln,J,
30710,30774,1    ,21   ,Ostlandstr. 39,Schulzentrum Weiden,50858 Köln,J,
30711,30774,1    ,21   ,Ostlandstr. 39,Schulzentrum Weiden,50858 Köln,J,
30712,30773,1    ,21   ,Ostlandstr. 39,Schulzentrum Weiden,50858 Köln,J,
30713,30772,1    ,20   ,Ostlandstr. 39,Schulzentrum Weiden,50858 Köln,J,
30801,30871,1    ,21   ,Siegstr. 12,Kita Siegstr.,50859 Köln,N,
30802,30871,1    ,21   ,Siegstr. 12,Kita Siegstr.,50859 Köln,N,
30803,30871,1    ,21   ,Siegstr. 12,Kita Siegstr.,50859 Köln,N,
30804,30871,1    ,21   ,Kirchgasse 3,Pfarrheim St. Severin,50859 Köln,J,
30805,30871,1    ,21   ,Kirchgasse 3,Pfarrheim St. Severin,50859 Köln,J,
30806,30872,1    ,21   ,Kirchgasse 3,Pfarrheim St. Severin,50859 Köln,J,
30807,30872,1    ,21   ,Kölner Str. 37,Johanniter-Schule,50859 Köln,J,
30808,30872,1    ,21   ,Kölner Str. 37,Johanniter-Schule,50859 Köln,J,
30809,30872,1    ,21   ,Kölner Str. 37,Johanniter-Schule,50859 Köln,J,
30901,30971,1    ,21   ,Neue Sandkaul 23,GGS Neue Sandkaul,50859 Köln,J,
30902,30971,1    ,21   ,Neue Sandkaul 23,GGS Neue Sandkaul,50859 Köln,J,
30903,30971,1    ,21   ,Neue Sandkaul 23,GGS Neue Sandkaul,50859 Köln,J,
30904,30972,1    ,21   ,Neue Sandkaul 23,GGS Neue Sandkaul,50859 Köln,J,
30905,30972,1    ,21   ,Neue Sandkaul 23,GGS Neue Sandkaul,50859 Köln,J,
30906,30972,1    ,21   ,Neue Sandkaul 23,GGS Neue Sandkaul,50859 Köln,J,
40101,40177,1    ,24   ,Helmholtzplatz 11,OT Nonni,50825 Köln,J,
40102,40171,1    ,22   ,Lindenbornstr. 15,GGS Lindenbornstr.,50823 Köln,J,
40103,40171,1    ,22   ,Lindenbornstr. 15,GGS Lindenbornstr.,50823 Köln,J,
40104,40171,1    ,22   ,Lindenbornstr. 15,GGS Lindenbornstr.,50823 Köln,J,
40105,40172,1    ,22   ,Lindenbornstr. 15,GGS Lindenbornstr.,50823 Köln,J,
40106,40172,1    ,22   ,Geisselstr. 1,Pfarrheim St. Joseph,50823 Köln,J,
40107,40172,1    ,22   ,Geisselstr. 1,Pfarrheim St. Joseph,50823 Köln,J,
40108,40173,1    ,22   ,Weinsbergstr. 72,Berufskolleg Ehrenfeld,50823 Köln,J,
40109,40173,1    ,22   ,Weinsbergstr. 72,Berufskolleg Ehrenfeld,50823 Köln,J,
40110,40173,1    ,22   ,Weinsbergstr. 72,Berufskolleg Ehrenfeld,50823 Köln,J,
40111,40173,1    ,22   ,Weinsbergstr. 72,Berufskolleg Ehrenfeld,50823 Köln,J,
40112,40174,1    ,22   ,Everhardstr. 60,KGS Everhardstr.,50823 Köln,J,
40113,40174,1    ,22   ,Everhardstr. 60,KGS Everhardstr.,50823 Köln,J,
40114,40174,1    ,22   ,Everhardstr. 60,KGS Everhardstr.,50823 Köln,J,
40115,40174,1    ,22   ,Everhardstr. 60,KGS Everhardstr.,50823 Köln,J,
40116,40174,1    ,22   ,Everhardstr. 60,KGS Everhardstr.,50823 Köln,J,
40117,40175,1    ,22   ,Gravenreuthstr. 10,Geschwister-Scholl-Schule,50823 Köln,N,
40118,40175,1    ,22   ,Gravenreuthstr. 10,Geschwister-Scholl-Schule,50823 Köln,N,
40119,40177,1    ,24   ,Leyendeckerstr. 20,Schule Leyendecker Str.,50825 Köln,N,
40120,40177,1    ,24   ,Leyendeckerstr. 20,Schule Leyendecker Str.,50825 Köln,N,
40121,40177,1    ,24   ,Borsigstr. 13,Astrid-Lindgren-Schule,50825 Köln,N,
40122,40175,1    ,22   ,Platenstr. 7,Michael-Ende-Schule,50825 Köln,N,
40123,40176,1    ,23   ,Leyendeckerstr. 20,Schule Leyendecker Str.,50825 Köln,N,
40124,40177,1    ,24   ,Borsigstr. 13,Astrid-Lindgren-Schule,50825 Köln,N,
40201,40271,1    ,22   ,Peter-Bauer-Str. 2,Seniorenzentrum,50823 Köln,J,
40202,40271,1    ,22   ,Peter-Bauer-Str. 2,Seniorenzentrum,50823 Köln,J,
40203,40272,1    ,23   ,Peter-Bauer-Str. 2,Seniorenzentrum,50823 Köln,J,
40204,40273,1    ,23   ,Ottostr. 87,Albertus-Magnus-Gymnasium,50823 Köln,J,
40205,40272,1    ,23   ,Ottostr. 87,Albertus-Magnus-Gymnasium,50823 Köln,J,
40206,40273,1    ,23   ,Ottostr. 87,Albertus-Magnus-Gymnasium,50823 Köln,J,
40207,40273,1    ,23   ,Ottostr. 87,Albertus-Magnus-Gymnasium,50823 Köln,J,
40208,40273,1    ,23   ,Ottostr. 87,Albertus-Magnus-Gymnasium,50823 Köln,J,
40209,40274,1    ,23   ,Ottostr. 87,Albertus-Magnus-Gymnasium,50823 Köln,J,
40210,40274,1    ,23   ,Nußbaumerstr. 254,GGS Nußbaumerstr.,50825 Köln,J,
40211,40274,1    ,23   ,Nußbaumerstr. 254,GGS Nußbaumerstr.,50825 Köln,J,
40212,40275,1    ,23   ,Dechenstr. 1,Eichendorff-Realschule,50825 Köln,J,
40213,40274,1    ,23   ,Dechenstr. 1,Eichendorff-Realschule,50825 Köln,J,
40214,40272,1    ,23   ,Dechenstr. 1,Eichendorff-Realschule,50825 Köln,J,
40215,40276,1    ,23   ,Dechenstr. 1,Eichendorff-Realschule,50825 Köln,J,
40216,40275,1    ,23   ,Dechenstr. 1,Eichendorff-Realschule,50825 Köln,J,
40217,40275,1    ,23   ,Dechenstr. 1,Eichendorff-Realschule,50825 Köln,J,
40218,40276,1    ,23   ,Baadenberger Str. 111,Hauptschule Baadenbergerstr.,50825 Köln,J,
40219,40276,1    ,23   ,Baadenberger Str. 111,Hauptschule Baadenbergerstr.,50825 Köln,J,
40220,40276,1    ,23   ,Baadenberger Str. 111,Hauptschule Baadenbergerstr.,50825 Köln,J,
40301,40373,1    ,25   ,Ossendorfer Weg 15,"AWO Köln, Jugendeinrichtung",50827 Köln,J,
40302,40373,1    ,25   ,Ossendorfer Weg 15,"AWO Köln, Jugendeinrichtung",50827 Köln,J,
40303,40371,1    ,24   ,Erlenweg 16,GGS Erlenweg,50827 Köln,J,Eingang Am Langen Stein
40304,40371,1    ,24   ,Erlenweg 16,GGS Erlenweg,50827 Köln,J,Eingang Am Langen Stein
40305,40371,1    ,24   ,Erlenweg 16,GGS Erlenweg,50827 Köln,J,Eingang Am Langen Stein
40306,40371,1    ,24   ,Erlenweg 16,KGS Erlenweg,50827 Köln,J,Eingang Am Langen Stein
40307,40372,1    ,24   ,Erlenweg 16,KGS Erlenweg,50827 Köln,J,Eingang Am Langen Stein
40308,40372,1    ,24   ,Rochusstr. 80,Schule Lindweiler Hof,50827 Köln,J,
40309,40371,1    ,24   ,Rochusstr. 80,Schule Lindweiler Hof,50827 Köln,J,
40310,40372,1    ,24   ,Rochusstr. 80,Schule Lindweiler Hof,50827 Köln,J,
40311,40372,1    ,24   ,Rochusstr. 80,Schule Lindweiler Hof,50827 Köln,J,
40312,40373,1    ,25   ,Helmholtzplatz 11,OT Nonni,50825 Köln,J,
40401,40471,1    ,25   ,Vogelsanger Str. 453,Kardinal-Frings-Schule,50829 Köln,J,
40402,40471,1    ,25   ,Vogelsanger Str. 453,Kardinal-Frings-Schule,50829 Köln,J,
40403,40471,1    ,25   ,Vogelsanger Str. 453,Kardinal-Frings-Schule,50829 Köln,J,
40404,40472,1    ,25   ,Vogelsanger Str. 453,Kardinal-Frings-Schule,50829 Köln,J,
40405,40472,1    ,25   ,Kolkrabenweg 8-10,Förderschule Kolkrabenweg,50829 Köln,J,
40406,40472,1    ,25   ,Kolkrabenweg 8-10,Förderschule Kolkrabenweg,50829 Köln,J,
40501,40571,1    ,25   ,Mengenicher Str. 28,KGS Mengenicher Str.,50829 Köln,N,
40502,40571,1    ,25   ,Mengenicher Str. 28,KGS Mengenicher Str.,50829 Köln,N,
40503,40571,1    ,25   ,Mengenicher Str. 28,KGS Mengenicher Str.,50829 Köln,N,
40504,40572,1    ,25   ,Görlinger Zentrum 11-15,Bürgerschaftshaus e.V.,50829 Köln,J,
40505,40572,1    ,25   ,Görlinger Zentrum 11-15,Bürgerschaftshaus e.V.,50829 Köln,J,
40506,40572,1    ,25   ,Görlinger Zentrum 11-15,Bürgerschaftshaus e.V.,50829 Köln,J,
40507,40572,1    ,25   ,Görlinger Zentrum 11-15,Bürgerschaftshaus e.V.,50829 Köln,J,
40601,40671,1    ,24   ,Am Pistorhof 11,Montessori Grundschule Am Pistorhof,50827 Köln,J,
40602,40671,1    ,24   ,Wilhelm-Schreiber-Str. 56,KOGS Wilhelm-Schreiber-Str.,50827 Köln,J,
40603,40672,1    ,24   ,Wilhelm-Schreiber-Str. 56,KOGS Wilhelm-Schreiber-Str.,50827 Köln,J,
40604,40672,1    ,24   ,Wilhelm-Schreiber-Str. 56,KOGS Wilhelm-Schreiber-Str.,50827 Köln,J,
40605,40671,1    ,24   ,Wilhelm-Schreiber-Str. 56,KOGS Wilhelm-Schreiber-Str.,50827 Köln,J,
50101,50171,1    ,32   ,Auguststr. 1,Förderschule Auguststr.,50733 Köln,N,
50102,50171,1    ,32   ,Auguststr. 1,Förderschule Auguststr.,50733 Köln,N,
50103,50171,1    ,32   ,Auguststr. 1,Förderschule Auguststr.,50733 Köln,N,
50104,50171,1    ,32   ,Auguststr. 1,Förderschule Auguststr.,50733 Köln,N,
50105,50172,1    ,32   ,Auguststr. 1,Förderschule Auguststr.,50733 Köln,N,
50106,50172,1    ,32   ,Steinbergerstr. 40,GGS Steinbergerstr.,50733 Köln,N,
50107,50172,1    ,32   ,Steinbergerstr. 40,GGS Steinbergerstr.,50733 Köln,N,
50108,50173,1    ,32   ,Steinbergerstr. 40,GGS Steinbergerstr.,50733 Köln,N,
50109,50173,1    ,32   ,Steinbergerstr. 40,GGS Steinbergerstr.,50733 Köln,N,
50110,50173,1    ,32   ,Steinbergerstr. 40,GGS Steinbergerstr.,50733 Köln,N,
50111,50173,1    ,32   ,Steinbergerstr. 40,GGS Steinbergerstr.,50733 Köln,N,
50112,50174,1    ,32   ,Neusser Str. 421,Peter-Ustinov-Realschule,50733 Köln,J,
50113,50174,1    ,32   ,Neusser Str. 421,Peter-Ustinov-Realschule,50733 Köln,J,
50114,50174,1    ,32   ,Neusser Str. 421,Peter-Ustinov-Realschule,50733 Köln,J,
50115,50175,1    ,32   ,Blücherstr. 15,Gymnasium Blücherstr.,50733 Köln,N,
50116,50175,1    ,32   ,Blücherstr. 15,Gymnasium Blücherstr.,50733 Köln,N,
50117,50175,1    ,32   ,Blücherstr. 15,Gymnasium Blücherstr.,50733 Köln,N,
50118,50176,1    ,32   ,Blücherstr. 15,Gymnasium Blücherstr.,50733 Köln,N,
50119,50176,1    ,32   ,Gellertstr. 4,Mathilde-von-Mevissen-Grundschule,50733 Köln,J,
50120,50176,1    ,32   ,Gellertstr. 4,Mathilde-von-Mevissen-Grundschule,50733 Köln,J,
50121,50177,1    ,33   ,Gellertstr. 4,Mathilde-von-Mevissen-Grundschule,50733 Köln,J,
50122,50177,1    ,33   ,Gellertstr. 4,Mathilde-von-Mevissen-Grundschule,50733 Köln,J,
50123,50177,1    ,33   ,Gellertstr. 4,Mathilde-von-Mevissen-Grundschule,50733 Köln,J,
50124,50178,1    ,33   ,Gellertstr. 4,Mathilde-von-Mevissen-Grundschule,50733 Köln,J,
50125,50178,1    ,33   ,Kretzerstr. 5,Nordpark-Schule,50733 Köln,N,
50126,50178,1    ,33   ,Kretzerstr. 5,Nordpark-Schule,50733 Köln,N,
50201,50271,1    ,31   ,Nibelungenstr. 50a,GGS Nibelungenstr.,50739 Köln,N,
50202,50271,1    ,31   ,Nibelungenstr. 50a,GGS Nibelungenstr.,50739 Köln,N,
50203,50271,1    ,31   ,Nibelungenstr. 50a,GGS Nibelungenstr.,50739 Köln,N,
50204,50271,1    ,31   ,Nibelungenstr. 50a,GGS Nibelungenstr.,50739 Köln,N,
50301,50371,1    ,33   ,Garthestr. 20,GGS Garthestr.,50735 Köln,N,
50302,50371,1    ,33   ,Garthestr. 20,GGS Garthestr.,50735 Köln,N,
50303,50371,1    ,33   ,Garthestr. 20,GGS Garthestr.,50735 Köln,N,
50304,50372,1    ,33   ,Garthestr. 20,GGS Garthestr.,50735 Köln,N,
50305,50372,1    ,33   ,Garthestr. 20,GGS Garthestr.,50735 Köln,N,
50306,50372,1    ,33   ,Boltensternstr. 16,SBK Sozial-Betriebe-Köln gGmbH,50735 Köln,J,
50307,50372,1    ,33   ,Boltensternstr. 16,SBK Sozial-Betriebe-Köln gGmbH,50735 Köln,J,
50308,50373,1    ,33   ,Garthestr. 20,GGS Garthestr.,50735 Köln,N,
50309,50373,1    ,33   ,Boltensternstr. 16,SBK Sozial-Betriebe-Köln gGmbH,50735 Köln,J,
50310,50373,1    ,33   ,Boltensternstr. 16,SBK Sozial-Betriebe-Köln gGmbH,50735 Köln,J,
50311,50373,1    ,33   ,Garthestr. 20,GGS Garthestr.,50735 Köln,N,
50401,50471,1    ,30   ,Feldgärtenstr. 109a,Kita Feldgärtenstr.,50735 Köln,J,
50402,50471,1    ,30   ,Feldgärtenstr. 109a,Kita Feldgärtenstr.,50735 Köln,J,
50403,50471,1    ,30   ,Halfengasse 25,GGS Halfengasse,50735 Köln,J,
50404,50471,1    ,30   ,Feldgärtenstr. 109,St. Katharina Altenzentrum,50735 Köln,J,
50405,50472,1    ,33   ,Boltensternstr. 126,Kinder- und Jugendhaus,50735 Köln,N,
50406,50472,1    ,33   ,Castroper Str. 7,Erich-Kästner-Gymnasium,50735 Köln,J,
50407,50473,1    ,34   ,Castroper Str. 7,Erich-Kästner-Gymnasium,50735 Köln,J,
50408,50473,1    ,34   ,Castroper Str. 7,Erich-Kästner-Gymnasium,50735 Köln,J,
50409,50473,1    ,34   ,Nesselrodestr. 15,GGS Nesselrodestr.,50735 Köln,J,
50410,50473,1    ,34   ,Nesselrodestr. 15,GGS Nesselrodestr.,50735 Köln,J,
50411,50473,1    ,34   ,Nesselrodestr. 15,GGS Nesselrodestr.,50735 Köln,J,
50412,50474,1    ,34   ,Nesselrodestr. 15,GGS Nesselrodestr.,50735 Köln,J,
50413,50474,1    ,34   ,Nesselrodestr. 15,GGS Nesselrodestr.,50735 Köln,J,
50414,50474,1    ,34   ,Nesselrodestr. 15,GGS Nesselrodestr.,50735 Köln,J,
50501,50571,1    ,34   ,Neusser Str. 421,Peter-Ustinov-Realschule,50733 Köln,J,
50502,50571,1    ,34   ,Neusser Str. 605,Florianschule,50737 Köln,N,
50503,50571,1    ,34   ,Neusser Str. 605,Florianschule,50737 Köln,N,
50504,50572,1    ,34   ,Neusser Str. 605,Florianschule,50737 Köln,N,
50505,50572,1    ,34   ,Neusser Str. 605,Florianschule,50737 Köln,N,
50506,50572,1    ,34   ,Neusser Str. 605,Florianschule,50737 Köln,N,
50507,50573,1    ,34   ,Neusser Str. 605,Florianschule,50737 Köln,N,
50508,50573,1    ,34   ,Neusser Str. 605,Florianschule,50737 Köln,N,
50509,50573,1    ,34   ,Neusser Str. 605,Florianschule,50737 Köln,N,
50601,50671,1    ,30   ,Altonaer Str. 32,Marienschule,50737 Köln,J,
50602,50671,1    ,30   ,Altonaer Str. 32,Marienschule,50737 Köln,J,
50603,50671,1    ,30   ,Altonaer Str. 32,Marienschule,50737 Köln,J,
50604,50671,1    ,30   ,Altonaer Str. 32,Marienschule,50737 Köln,J,
50605,50671,1    ,30   ,Altonaer Str. 32,Marienschule,50737 Köln,J,
50606,50672,1    ,30   ,Altonaer Str. 32,Marienschule,50737 Köln,J,
50607,50672,1    ,30   ,Paul-Humburg-Str. 13,Gesamtschule Paul-Humburg-Straße,50737 Köln,J,
50608,50672,1    ,30   ,Paul-Humburg-Str. 13,Gesamtschule Paul-Humburg-Straße,50737 Köln,J,
50609,50672,1    ,30   ,Paul-Humburg-Str. 13,Gesamtschule Paul-Humburg-Straße,50737 Köln,J,
50610,50672,1    ,30   ,Paul-Humburg-Str. 13,Gesamtschule Paul-Humburg-Straße,50737 Köln,J,
50611,50673,1    ,30   ,Longericher Hauptstr. 83,KGS Longericher Hauptstr.,50739 Köln,N,
50612,50673,1    ,30   ,Longericher Hauptstr. 83,KGS Longericher Hauptstr.,50739 Köln,N,
50613,50673,1    ,30   ,Longericher Hauptstr. 83,KGS Longericher Hauptstr.,50739 Köln,N,
50614,50673,1    ,30   ,Longericher Hauptstr. 83,KGS Longericher Hauptstr.,50739 Köln,N,
50701,50771,1    ,31   ,Alzeyer Str. 12,GGS Alzeyer Str,50739 Köln,N,
50702,50771,1    ,31   ,Alzeyer Str. 12,GGS Alzeyer Str,50739 Köln,N,
50703,50771,1    ,31   ,Alzeyer Str. 12,GGS Alzeyer Str,50739 Köln,N,
50704,50771,1    ,31   ,Alzeyer Str. 12,GGS Alzeyer Str,50739 Köln,N,
50705,50772,1    ,31   ,Escher Str. 217,Joseph-DuMont-Berufskolleg,50739 Köln,J,
50706,50772,1    ,31   ,Escher Str. 217,Joseph-DuMont-Berufskolleg,50739 Köln,J,
50707,50771,1    ,31   ,Escher Str. 217,Joseph-DuMont-Berufskolleg,50739 Köln,J,
50708,50772,1    ,31   ,Escher Str. 217,Joseph-DuMont-Berufskolleg,50739 Köln,J,
50709,50772,1    ,31   ,Osterather Str. 13,KGS Osterather Str.,50739 Köln,N,
60101,60171,1    ,29   ,Amandusstr. 22,GGS Amandusstraße,50769 Köln,N,
60102,60171,1    ,29   ,Amandusstr. 22,GGS Amandusstraße,50769 Köln,N,
60103,60171,1    ,29   ,Spoerkelhof 7,GGS Spoerkelhof,50769 Köln,N,
60104,60171,1    ,29   ,Spoerkelhof 7,GGS Spoerkelhof,50769 Köln,N,
60105,60171,1    ,29   ,Spoerkelhof 7,GGS Spoerkelhof,50769 Köln,N,
60201,60271,1    ,29   ,Neusser Landstr. 80,Pfarrheim St. Marien,50769 Köln,J,
60202,60271,1    ,29   ,Neusser Landstr. 80,Pfarrheim St. Marien,50769 Köln,J,
60301,60371,1    ,26   ,Balsaminenweg 52,Sankt-Martin-Schule,50769 Köln,J,
60302,60371,1    ,26   ,Balsaminenweg 52,Sankt-Martin-Schule,50769 Köln,J,
60303,60371,1    ,26   ,Riphahnstr. 40a,GGS Riphahnstr.,50769 Köln,J,
60304,60371,1    ,26   ,Riphahnstr. 40a,GGS Riphahnstr.,50769 Köln,J,
60305,60371,1    ,26   ,Riphahnstr. 40a,GGS Riphahnstr.,50769 Köln,J,
60306,60371,1    ,26   ,Karl-Marx-Allee 43,Henry-Ford-Realschule,50769 Köln,J,
60401,60471,1    ,26   ,Volkhovener Weg 140,Ursula-Kuhr-Schule,50767 Köln,J,
60402,60471,1    ,26   ,Volkhovener Weg 140,Ursula-Kuhr-Schule,50767 Köln,J,
60403,60471,1    ,26   ,Lebensbaumweg 51,Kath. Grundschule,50767 Köln,J,
60404,60472,1    ,26   ,Lebensbaumweg 51,Kath. Grundschule,50767 Köln,J,
60405,60472,1    ,26   ,Lebensbaumweg 51,Kath. Grundschule,50767 Köln,J,
60501,60571,1    ,28   ,Unnauer Weg 96a,Soziales Zentrum Lino-Club e.V.,50767 Köln,J,Eingang Krombachweg
60502,60571,1    ,28   ,Soldiner Str. 68,GGS Soldiner Str.,50767 Köln,J,
60601,60671,1    ,28   ,Schulstr. 16,Erich-Ohser-Schule,50767 Köln,J,
60602,60671,1    ,28   ,Schulstr. 16,Erich-Ohser-Schule,50767 Köln,J,
60603,60671,1    ,28   ,Schulstr. 16,Erich-Ohser-Schule,50767 Köln,J,
60604,60672,1    ,28   ,Schulstr. 18,Schulzentrum Pesch,50767 Köln,J,
60605,60672,1    ,28   ,Schulstr. 18,Schulzentrum Pesch,50767 Köln,J,
60606,60673,1    ,28   ,Schulstr. 18,Schulzentrum Pesch,50767 Köln,J,
60607,60673,1    ,28   ,Schulstr. 18,Schulzentrum Pesch,50767 Köln,J,
60608,60673,1    ,28   ,Schulstr. 18,Schulzentrum Pesch,50767 Köln,J,
60701,60771,1    ,28   ,Gartenstr. 11,Landwirtschaftskammer,50765 Köln,J,
60702,60771,1    ,28   ,Gartenstr. 11,Landwirtschaftskammer,50765 Köln,J,
60703,60771,1    ,28   ,Martinusstr. 28,Konrad-Adenauer-Schule,50765 Köln,J,
60704,60771,1    ,28   ,Martinusstr. 28,Konrad-Adenauer-Schule,50765 Köln,J,
60705,60772,1    ,28   ,Martinusstr. 28,Konrad-Adenauer-Schule,50765 Köln,J,
60706,60772,1    ,28   ,Martinusstr. 28,Konrad-Adenauer-Schule,50765 Köln,J,
60707,60772,1    ,28   ,Martinusstr. 28,Konrad-Adenauer-Schule,50765 Köln,J,
60801,60871,1    ,26   ,Fühlinger Weg 4,Heinrich-Mann-Gymnasium,50765 Köln,J,
60802,60871,1    ,26   ,Fühlinger Weg 4,Heinrich-Mann-Gymnasium,50765 Köln,J,
60803,60871,1    ,26   ,Fühlinger Weg 4,Heinrich-Mann-Gymnasium,50765 Köln,J,
60901,60971,1    ,27   ,Pariser Platz 1,Bürgerzentrum Chorweiler,50765 Köln,J,Eingang links neben Bürgeramt
60902,60971,1    ,27   ,Pariser Platz 1,Bürgerzentrum Chorweiler,50765 Köln,J,Eingang links neben Bürgeramt
60903,60971,1    ,27   ,Rhonestr. 5,Marie-Juchacz-Altenzentrum,50765 Köln,J,
60904,60971,1    ,27   ,Merianstr. 7,GGS Merianstr.,50765 Köln,J,
60905,60971,1    ,27   ,Merianstr. 7,GGS Merianstr.,50765 Köln,J,
61001,61071,1    ,27   ,Ernstbergstr. 2,GGS Ernstbergstr.,50765 Köln,J,
61002,61071,1    ,27   ,Ernstbergstr. 2,GGS Ernstbergstr.,50765 Köln,J,
61003,61071,1    ,27   ,Ernstbergstr. 2,GGS Ernstbergstr.,50765 Köln,J,
61004,61071,1    ,27   ,Ernstbergstr. 2,GGS Ernstbergstr.,50765 Köln,J,
61101,61171,1    ,29   ,Gutnickstr. 37,KGS Gutnickstr.,50769 Köln,J,
61102,61171,1    ,29   ,Gutnickstr. 37,KGS Gutnickstr.,50769 Köln,J,
61201,61271,1    ,29   ,St.-Tönnis-Str. 68,Vereinshaus Worringen,50769 Köln,J,
61202,61271,1    ,29   ,An den Kaulen 62,Grundschule An den Kaulen,50769 Köln,J,
61203,61271,1    ,29   ,An den Kaulen 62,Grundschule An den Kaulen,50769 Köln,J,
61204,61272,1    ,29   ,An den Kaulen 62,Grundschule An den Kaulen,50769 Köln,J,
61205,61272,1    ,29   ,An den Kaulen 62,Grundschule An den Kaulen,50769 Köln,J,
61206,61272,1    ,29   ,St.-Tönnis-Str. 68,Vereinshaus Worringen,50769 Köln,J,
61207,61272,1    ,29   ,St.-Tönnis-Str. 68,Vereinshaus Worringen,50769 Köln,J,
70101,70171,1    ,07   ,Am Altenberger Kreuz 14,Janusz-Korczak-Schule,51105 Köln,N,
70102,70171,1    ,07   ,Am Altenberger Kreuz 14,Janusz-Korczak-Schule,51105 Köln,N,
70103,70171,1    ,07   ,Am Altenberger Kreuz 14,Janusz-Korczak-Schule,51105 Köln,N,
70104,70171,1    ,07   ,Am Altenberger Kreuz 14,Janusz-Korczak-Schule,51105 Köln,N,
70105,70171,1    ,07   ,Poller Hauptstr. 61,GGS Poller Hauptstr.,51105 Köln,J,Eingang Schulpfad
70106,70171,1    ,07   ,Poller Hauptstr. 61,GGS Poller Hauptstr.,51105 Köln,J,Eingang Schulpfad
70107,70172,1    ,07   ,Poller Hauptstr. 61,GGS Poller Hauptstr.,51105 Köln,J,Eingang Schulpfad
70108,70172,1    ,07   ,Poller Hauptstr. 61,GGS Poller Hauptstr.,51105 Köln,J,Eingang Schulpfad
70109,70172,1    ,07   ,Poller Hauptstr. 61,GGS Poller Hauptstr.,51105 Köln,J,Eingang Schulpfad
70110,70172,1    ,07   ,Poller Hauptstr. 61,GGS Poller Hauptstr.,51105 Köln,J,Eingang Schulpfad
70111,70172,1    ,07   ,Poller Hauptstr. 61,GGS Poller Hauptstr.,51105 Köln,J,Eingang Schulpfad
70201,70271,1    ,07   ,Oberstraße 96,Bürgerzentrum Engelshof e.V.,51149 Köln,J,
70202,70271,1    ,07   ,Oberstraße 96,Bürgerzentrum Engelshof e.V.,51149 Köln,J,
70203,70271,1    ,07   ,Oberstraße 96,Bürgerzentrum Engelshof e.V.,51149 Köln,J,
70204,70271,1    ,07   ,Oberstraße 96,Bürgerzentrum Engelshof e.V.,51149 Köln,J,
70205,70271,1    ,07   ,Hohe Str. 77-79,GGS Hohe Str.,51149 Köln,J,
70301,70371,1    ,07   ,Hohe Str. 77-79,GGS Hohe Str.,51149 Köln,J,
70302,70371,1    ,07   ,Hohe Str. 77-79,GGS Hohe Str.,51149 Köln,J,
70303,70371,1    ,07   ,Hohe Str. 77-79,GGS Hohe Str.,51149 Köln,J,
70304,70371,1    ,07   ,Hohe Str. 77-79,GGS Hohe Str.,51149 Köln,J,
70305,70371,1    ,07   ,Hohe Str. 77-79,GGS Hohe Str.,51149 Köln,J,
70306,70371,1    ,07   ,Kölner Str. 64,Senioren-Pflegeheim,51149 Köln,J,Haus Monika
70401,70471,1    ,08   ,Breitenbachstr. 2,Friedrich-List-Schule,51149 Köln,N,
70402,70471,1    ,08   ,Breitenbachstr. 2,Friedrich-List-Schule,51149 Köln,N,
70501,70571,1    ,08   ,Stresemannstr. 36,Lise-Meitner-Gesamtschule,51149 Köln,J,
70502,70571,1    ,08   ,Konrad-Adenauer-Straße 16,Johanniter-Haus Köln-Finkenberg,51149 Köln,J,
70503,70571,1    ,08   ,Schulstr. 23,GGS Schulstr. Porz,51145 Köln,N,
70504,70571,1    ,08   ,Schulstr. 23,GGS Schulstr. Porz,51145 Köln,N,
70505,70572,1    ,08   ,Schulstr. 23,GGS Schulstr. Porz,51145 Köln,N,
70506,70572,1    ,08   ,Schulstr. 23,GGS Schulstr. Porz,51145 Köln,N,
70507,70572,1    ,08   ,Bonner Str. 40,Kopernikusschule,51145 Köln,J,
70508,70572,1    ,08   ,Bonner Str. 40,Kopernikusschule,51145 Köln,J,
70601,70671,1    ,08   ,Planckstr. 14,Max-Planck-Realschule,51145 Köln,J,
70602,70671,1    ,08   ,Planckstr. 14,Max-Planck-Realschule,51145 Köln,J,
70603,70671,1    ,08   ,Planckstr. 14,Max-Planck-Realschule,51145 Köln,J,
70604,70672,1    ,11   ,Hauptstr. 426,Berufskolleg Porz,51143 Köln,J,
70605,70672,1    ,11   ,Hauptstr. 426,Berufskolleg Porz,51143 Köln,J,
70606,70672,1    ,11   ,Hauptstr. 426,Berufskolleg Porz,51143 Köln,J,
70607,70672,1    ,11   ,Mühlenstr. 2a,Kita an der Lukaskirche,51143 Köln,J,
70608,70672,1    ,11   ,Mühlenstr. 2a,Kita an der Lukaskirche,51143 Köln,J,
70701,70771,1    ,09   ,Humboldtstr. 2,Stadtgymnasium,51145 Köln,J,
70702,70771,1    ,09   ,Humboldtstr. 2,Stadtgymnasium,51145 Köln,J,
70703,70771,1    ,09   ,Humboldtstr. 2,Stadtgymnasium,51145 Köln,J,
70704,70771,1    ,09   ,Kupfergasse 31,KGS Kupfergasse,51145 Köln,J,
70705,70771,1    ,09   ,Kupfergasse 31,KGS Kupfergasse,51145 Köln,J,
70706,70771,1    ,09   ,Kupfergasse 31,KGS Kupfergasse,51145 Köln,J,
70707,70772,1    ,09   ,Kupfergasse 31,KGS Kupfergasse,51145 Köln,J,
70708,70772,1    ,09   ,Kupfergasse 31,KGS Kupfergasse,51145 Köln,J,
70709,70772,1    ,09   ,Kupfergasse 31,KGS Kupfergasse,51145 Köln,J,
70801,70871,1    ,09   ,Tiergartenstr. 47,Altenzentrum Tiergartenstr.,51145 Köln,J,
70901,70971,1    ,09   ,Mörikeweg 2,Eduard-Mörike-Schule,51147 Köln,J,
70902,70971,1    ,09   ,Mörikeweg 2,Eduard-Mörike-Schule,51147 Köln,J,
70903,70971,1    ,09   ,Mörikeweg 2,Eduard-Mörike-Schule,51147 Köln,J,
71001,71071,1    ,10   ,Sportplatzstr. 82,Pestalozzi-Schule,51147 Köln,J,
71002,71071,1    ,10   ,Sportplatzstr. 82,Pestalozzi-Schule,51147 Köln,J,
71003,71071,1    ,10   ,Sportplatzstr. 82,Pestalozzi-Schule,51147 Köln,J,
71004,71071,1    ,10   ,Neue Heide 25,Heideschule,51147 Köln,J,
71005,71071,1    ,10   ,Neue Heide 25,Heideschule,51147 Köln,J,
71006,71071,1    ,10   ,Hunoldstr. 7,Kita Hunoldstr.,51147 Köln,J,
71007,71071,1    ,10   ,Hunoldstr. 7,Kita Hunoldstr.,51147 Köln,J,
71101,71171,1    ,10   ,Adolph-Kolping-Str. 41,GGS Adolph-Kolping-Straße,51147 Köln,J,
71102,71171,1    ,10   ,Adolph-Kolping-Str. 41,GGS Adolph-Kolping-Straße,51147 Köln,J,
71103,71171,1    ,10   ,Adolph-Kolping-Str. 41,GGS Adolph-Kolping-Straße,51147 Köln,J,
71104,71171,1    ,10   ,Adolph-Kolping-Str. 41,GGS Adolph-Kolping-Straße,51147 Köln,J,
71105,71171,1    ,10   ,Adolph-Kolping-Str. 41,GGS Adolph-Kolping-Straße,51147 Köln,J,
71106,71171,1    ,10   ,Adolph-Kolping-Str. 41,GGS Adolph-Kolping-Straße,51147 Köln,J,
71201,71271,1    ,10   ,Viehtrift 5,Kita Viehtrift,51147 Köln,J,
71202,71271,1    ,10   ,Viehtrift 5,Kita Viehtrift,51147 Köln,J,
71203,71271,1    ,10   ,Am Linder Kreuz 10,AK Autoport Köln GmbH,51147 Köln,J,
71204,71271,1    ,10   ,Am Linder Kreuz 10,AK Autoport Köln GmbH,51147 Köln,J,
71301,71371,1    ,10   ,Urbanusstr. 1,Haus Helfer,51147 Köln,J,
71401,71471,1    ,11   ,Schmittgasse 66,GGS Schmittgasse,51143 Köln,N,
71402,71471,1    ,11   ,Schmittgasse 66,GGS Schmittgasse,51143 Köln,N,
71403,71471,1    ,11   ,Schmittgasse 66,GGS Schmittgasse,51143 Köln,N,
71404,71471,1    ,11   ,Schmittgasse 66,GGS Schmittgasse,51143 Köln,N,
71405,71471,1    ,11   ,Schmittgasse 66,GGS Schmittgasse,51143 Köln,N,
71406,71471,1    ,11   ,Schmittgasse 66,GGS Schmittgasse,51143 Köln,N,
71407,71472,1    ,11   ,Schmittgasse 66,GGS Schmittgasse,51143 Köln,N,
71408,71472,1    ,11   ,Schmittgasse 66,GGS Schmittgasse,51143 Köln,N,
71409,71472,1    ,11   ,Irisweg 2,GGS Irisweg,51143 Köln,J,
71410,71472,1    ,11   ,Irisweg 2,GGS Irisweg,51143 Köln,J,
71411,71472,1    ,11   ,Irisweg 2,GGS Irisweg,51143 Köln,J,
71412,71472,1    ,11   ,Irisweg 2,GGS Irisweg,51143 Köln,J,
71501,71571,1    ,11   ,Hinter der Kirche 3,KGS Hinter der Kirche,51143 Köln,J,
71502,71571,1    ,11   ,Hinter der Kirche 3,KGS Hinter der Kirche,51143 Köln,J,
71503,71571,1    ,11   ,Hinter der Kirche 3,KGS Hinter der Kirche,51143 Köln,J,
71504,71571,1    ,11   ,Hinter der Kirche 3,KGS Hinter der Kirche,51143 Köln,J,
71601,71671,1    ,08   ,Stresemannstraße 6a,Bürgerzentrum Finkenberg e.V.,51149 Köln,J,
71602,71671,1    ,08   ,Stresemannstraße 6a,Bürgerzentrum Finkenberg e.V.,51149 Köln,J,
71603,71671,1    ,08   ,Stresemannstr. 36,Lise-Meitner-Gesamtschule,51149 Köln,J,
80101,80171,1    ,42   ,Usingerstr. 24,Berufskolleg Usingerstr.,51105 Köln,J,
80102,80171,1    ,42   ,Hachenburger Str. 11,GHS Hachenburger Straße,51105 Köln,J,
80103,80172,1    ,43   ,Westerwaldstr. 90,GGS Westerwaldstr.,51105 Köln,J,
80104,80172,1    ,43   ,Westerwaldstr. 90,GGS Westerwaldstr.,51105 Köln,J,
80105,80172,1    ,43   ,Usingerstr. 24,Berufskolleg Usingerstr.,51105 Köln,J,
80106,80172,1    ,43   ,Lohmarer Str. 11,GGS Lohmarer Str.,51105 Köln,J,
80107,80172,1    ,43   ,Lohmarer Str. 11,GGS Lohmarer Str.,51105 Köln,J,
80201,80271,1    ,42   ,Falckensteinstr. 34,Adolph-Kolping-Schule,51103 Köln,J,Eingang Remscheider Str. Sporthalle
80202,80271,1    ,42   ,Falckensteinstr. 34,Adolph-Kolping-Schule,51103 Köln,J,Eingang Remscheider Str. Sporthalle
80203,80271,1    ,42   ,Falckensteinstr. 34,Adolph-Kolping-Schule,51103 Köln,J,Eingang Remscheider Str. Sporthalle
80204,80271,1    ,42   ,Kantstr. 3,Kaiserin-Theophanu-Schule,51103 Köln,J,
80205,80272,1    ,42   ,Kapitelstr. 24,GGS Kapitelstr.,51103 Köln,J,
80206,80272,1    ,42   ,Kapitelstr. 24,GGS Kapitelstr.,51103 Köln,J,
80207,80272,1    ,42   ,Kapitelstr. 24,GGS Kapitelstr.,51103 Köln,J,
80208,80272,1    ,42   ,Kalk-Mülheimer Str. 58,Bürgerhaus Kalk,51103 Köln,J,
80209,80272,1    ,42   ,Vietorstr. 38,Schule Der kleine Prinz,51103 Köln,J,
80301,80371,1    ,43   ,Heßhofstr. 45,GGS Heßhofstr.,51107 Köln,J,
80302,80371,1    ,43   ,Heßhofstr. 45,GGS Heßhofstr.,51107 Köln,J,
80303,80371,1    ,43   ,Heßhofstr. 45,GGS Heßhofstr.,51107 Köln,J,
80304,80371,1    ,43   ,Lustheider Str. 43,GGS Lustheider Str.,51103 Köln,J,
80305,80371,1    ,43   ,Nürnberger Str. 10,GHS Nürnberger Straße,51103 Köln,J,
80401,80471,1    ,44   ,Nürnberger Str. 10,GHS Nürnberger Straße,51103 Köln,J,
80402,80471,1    ,44   ,Nürnberger Str. 10,GHS Nürnberger Straße,51103 Köln,J,
80403,80471,1    ,44   ,Weimarer Str. 28,GGS Weimarer Str.,51103 Köln,J,Eingang Apoldaer Weg
80404,80472,1    ,44   ,Weimarer Str. 28,GGS Weimarer Str.,51103 Köln,J,Eingang Apoldaer Weg
80405,80472,1    ,44   ,Weimarer Str. 28,GGS Weimarer Str.,51103 Köln,J,Eingang Apoldaer Weg
80406,80472,1    ,44   ,Adalbertstr. 17,Katharina-Henoth-Gesamtschule,51103 Köln,J,Zufahrt Lustheider Str. 47
80501,80571,1    ,45   ,Zehnthofstr. 22,GGS Zehnthofstr.,51107 Köln,J,
80502,80571,1    ,45   ,Zehnthofstr. 22,GGS Zehnthofstr.,51107 Köln,J,
80503,80571,1    ,45   ,Zehnthofstr. 22,GGS Zehnthofstr.,51107 Köln,J,
80504,80571,1    ,45   ,Zehnthofstr. 22,GGS Zehnthofstr.,51107 Köln,J,
80505,80571,1    ,45   ,Zehnthofstr. 22,GGS Zehnthofstr.,51107 Köln,J,
80506,80571,1    ,45   ,Zehnthofstr. 22,GGS Zehnthofstr.,51107 Köln,J,
80507,80571,1    ,45   ,Zehnthofstr. 22,GGS Zehnthofstr.,51107 Köln,J,
80601,80671,1    ,44   ,Fußfallstr. 55,KGS Fußfallstr.,51109 Köln,J,
80602,80671,1    ,44   ,Fußfallstr. 55,KGS Fußfallstr.,51109 Köln,J,
80603,80671,1    ,44   ,Fußfallstr. 55,KGS Fußfallstr.,51109 Köln,J,
80604,80671,1    ,44   ,Fußfallstr. 55,KGS Fußfallstr.,51109 Köln,J,
80605,80672,1    ,44   ,Fußfallstr. 55,KGS Fußfallstr.,51109 Köln,J,
80606,80672,1    ,44   ,Fußfallstr. 55,KGS Fußfallstr.,51109 Köln,J,
80607,80672,1    ,44   ,Fußfallstr. 55,KGS Fußfallstr.,51109 Köln,J,
80701,80771,1    ,41   ,Diesterwegstr. 69,GGS Diesterwegstr.,51109 Köln,J,
80702,80771,1    ,41   ,Diesterwegstr. 69,GGS Diesterwegstr.,51109 Köln,J,
80703,80771,1    ,41   ,Diesterwegstr. 69,GGS Diesterwegstr.,51109 Köln,J,
80704,80772,1    ,41   ,Olpener Str. 830,Matthias-Claudius-Heim,51109 Köln,J,
80705,80772,1    ,41   ,Olpener Str. 930,KGS Olpener Str.,51109 Köln,J,
80706,80772,1    ,41   ,Olpener Str. 830,Matthias-Claudius-Heim,51109 Köln,J,
80707,80773,1    ,41   ,Olpener Str. 930,KGS Olpener Str.,51109 Köln,J,
80708,80773,1    ,41   ,Olpener Str. 930,KGS Olpener Str.,51109 Köln,J,
80709,80773,1    ,41   ,Olpener Str. 930,KGS Olpener Str.,51109 Köln,J,
80710,80773,1    ,41   ,Olpener Str. 930,KGS Olpener Str.,51109 Köln,J,
80801,80871,1    ,41   ,Volberger Weg 17,KGS Volberger Weg,51107 Köln,J,
80802,80871,1    ,41   ,Volberger Weg 17,KGS Volberger Weg,51107 Köln,J,
80803,80871,1    ,41   ,Volberger Weg 17,KGS Volberger Weg,51107 Köln,J,
80804,80871,1    ,41   ,Volberger Weg 17,KGS Volberger Weg,51107 Köln,J,
80805,80872,1    ,41   ,Volberger Weg 17,KGS Volberger Weg,51107 Köln,J,
80806,80872,1    ,41   ,Forststr. 20,KGS Forststr.,51107 Köln,J,
80807,80872,1    ,41   ,Forststr. 20,KGS Forststr.,51107 Köln,J,
80808,80873,1    ,41   ,Rösrather Str. 603,Bürger- und Vereinszentrum e.V.,51107 Köln,J,
80809,80873,1    ,41   ,Rösrather Str. 603,Bürger- und Vereinszentrum e.V.,51107 Köln,J,
80810,80873,1    ,41   ,Forststr. 20,KGS Forststr.,51107 Köln,J,
80811,80873,1    ,41   ,Forststr. 20,KGS Forststr.,51107 Köln,J,
80812,80873,1    ,41   ,Forststr. 20,KGS Forststr.,51107 Köln,J,
80901,80971,1    ,45   ,Europaring 51,GGS Europaring,51109 Köln,J,
80902,80971,1    ,45   ,Europaring 51,GGS Europaring,51109 Köln,J,
80903,80971,1    ,45   ,Europaring 51,GGS Europaring,51109 Köln,J,
80904,80971,1    ,45   ,Andreas-Hermes-Str. 2,KGS Andreas-Hermes-Str.,51109 Köln,J,
80905,80971,1    ,45   ,Andreas-Hermes-Str. 2,KGS Andreas-Hermes-Str.,51109 Köln,J,
80906,80971,1    ,45   ,Andreas-Hermes-Str. 2,KGS Andreas-Hermes-Str.,51109 Köln,J,
80907,80971,1    ,45   ,Andreas-Hermes-Str. 2,KGS Andreas-Hermes-Str.,51109 Köln,J,
90101,90171,1    ,35   ,Ferdinandstr. 43,Montessori-Hauptschule,51063 Köln,J,
90102,90171,1    ,35   ,Ferdinandstr. 43,Montessori-Hauptschule,51063 Köln,J,
90103,90172,1    ,36   ,Danzierstr. 146a,Johann-Bendel-Realschule,51063 Köln,J,
90104,90172,1    ,36   ,Danzierstr. 146a,Johann-Bendel-Realschule,51063 Köln,J,
90105,90172,1    ,36   ,Danzierstr. 146a,Johann-Bendel-Realschule,51063 Köln,J,
90106,90173,1    ,36   ,Danzierstr. 146a,Johann-Bendel-Realschule,51063 Köln,J,
90107,90173,1    ,36   ,Lassallestr. 59,Realschule Lassallestr.,51065 Köln,J,
90108,90173,1    ,36   ,Lassallestr. 59,Realschule Lassallestr.,51065 Köln,J,
90109,90173,1    ,36   ,Lassallestr. 59,Realschule Lassallestr.,51065 Köln,J,
90110,90173,1    ,36   ,Lassallestr. 59,Realschule Lassallestr.,51065 Köln,J,
90111,90174,1    ,36   ,Lassallestr. 59,Realschule Lassallestr.,51065 Köln,J,
90112,90174,1    ,36   ,Lassallestr. 59,Realschule Lassallestr.,51065 Köln,J,
90113,90174,1    ,36   ,Genovevastr. 58,Gymnasium Genovevastr,51063 Köln,N,
90114,90174,1    ,36   ,Genovevastr. 58,Gymnasium Genovevastr,51063 Köln,N,
90115,90174,1    ,36   ,Mülheimer Freiheit 99,Peter-Petersen-Schule,51063 Köln,J,
90116,90175,1    ,36   ,Mülheimer Freiheit 99,Peter-Petersen-Schule,51063 Köln,J,
90117,90176,1    ,37   ,Düsseldorfer Str. 13,Rhein-Gymnasium,51063 Köln,J,
90118,90176,1    ,37   ,Düsseldorfer Str. 13,Rhein-Gymnasium,51063 Köln,J,
90119,90175,1    ,36   ,Langemaß 21,KGS Langemaß,51063 Köln,J,
90120,90176,1    ,37   ,Tiefentalstr. 66,GHS Tiefentalstraße,51063 Köln,J,
90121,90175,1    ,36   ,Tiefentalstr. 66,GHS Tiefentalstraße,51063 Köln,J,
90122,90176,1    ,37   ,Luzerner Weg 72,KGS Luzerner Weg,51063 Köln,J,
90123,90176,1    ,37   ,Luzerner Weg 72,KGS Luzerner Weg,51063 Köln,J,
90201,90271,1    ,35   ,Kopernikusstr. 40,GGS Kopernikusstr.,51065 Köln,N,
90202,90271,1    ,35   ,Kopernikusstr. 40,GGS Kopernikusstr.,51065 Köln,N,
90203,90271,1    ,35   ,Kopernikusstr. 40,GGS Kopernikusstr.,51065 Köln,N,
90204,90271,1    ,35   ,Kopernikusstr. 40,GGS Kopernikusstr.,51065 Köln,N,
90301,90371,1    ,35   ,An St.Theresia 1,GGS An St. Theresia,51067 Köln,J,
90302,90371,1    ,35   ,Wuppertaler Str. 19,GHS Wuppertaler Straße,51067 Köln,J,
90303,90371,1    ,35   ,Wuppertaler Str. 19,GHS Wuppertaler Straße,51067 Köln,J,
90304,90371,1    ,35   ,Alte Wipperfürther Str. 49,GGS Alte Wipperfürther Straße,51065 Köln,J,Eingang Alte Wipperfürther Str. 9
90305,90372,1    ,35   ,Alte Wipperfürther Str. 49,GGS Alte Wipperfürther Straße,51065 Köln,J,Eingang Alte Wipperfürther Str. 9
90306,90372,1    ,35   ,Alte Wipperfürther Str. 49,GGS Alte Wipperfürther Straße,51065 Köln,J,Eingang Alte Wipperfürther Str. 9
90307,90372,1    ,35   ,Kattowitzer Str. 52,Herder-Gymnasium,51065 Köln,J,
90308,90372,1    ,35   ,Kattowitzer Str. 52,Herder-Gymnasium,51065 Köln,J,
90401,90471,1    ,40   ,Neufelder Str. 2,KGS Neufelder Str.,51067 Köln,N,
90402,90471,1    ,40   ,Neufelder Str. 2,KGS Neufelder Str.,51067 Köln,N,
90403,90471,1    ,40   ,Neufelder Str. 2,KGS Neufelder Str.,51067 Köln,N,
90404,90471,1    ,40   ,Neufelder Str. 2,KGS Neufelder Str.,51067 Köln,N,
90405,90471,1    ,40   ,Piccoloministr. 531,Kita Piccoloministr.,51067 Köln,J,
90406,90472,1    ,40   ,Piccoloministr. 531,Kita Piccoloministr.,51067 Köln,J,
90407,90472,1    ,40   ,Buschfeldstr. 46,Berthold-Otto-Schule,51067 Köln,J,
90408,90472,1    ,40   ,Buschfeldstr. 46,Berthold-Otto-Schule,51067 Köln,J,
90409,90472,1    ,40   ,Buschfeldstr. 46,Berthold-Otto-Schule,51067 Köln,J,
90410,90473,1    ,40   ,Buschfeldstr. 46,Berthold-Otto-Schule,51067 Köln,J,
90411,90473,1    ,40   ,Burgwiesenstr. 125,Gesamtschule Holweide,51067 Köln,J,
90412,90473,1    ,40   ,Burgwiesenstr. 125,Gesamtschule Holweide,51067 Köln,J,
90413,90473,1    ,40   ,Burgwiesenstr. 125,Gesamtschule Holweide,51067 Köln,J,
90501,90571,1    ,39   ,Urnenstr. 7,Grundschule Urnenstr.,51069 Köln,N,
90502,90571,1    ,39   ,Urnenstr. 7,Grundschule Urnenstr.,51069 Köln,N,
90503,90571,1    ,39   ,Urnenstr. 7,Grundschule Urnenstr.,51069 Köln,N,
90504,90571,1    ,39   ,Urnenstr. 7,Grundschule Urnenstr.,51069 Köln,N,
90505,90572,1    ,39   ,Urnenstr. 7,Grundschule Urnenstr.,51069 Köln,N,
90506,90572,1    ,39   ,Urnenstr. 7,Grundschule Urnenstr.,51069 Köln,N,
90507,90572,1    ,39   ,Urnenstr. 7,Grundschule Urnenstr.,51069 Köln,N,
90508,90572,1    ,39   ,Urnenstr. 7,Grundschule Urnenstr.,51069 Köln,N,
90509,90572,1    ,39   ,Dellbrücker Hauptstr. 16,GGS Dellbrücker Hauptstr.,51069 Köln,J,
90510,90573,1    ,39   ,Dellbrücker Hauptstr. 16,GGS Dellbrücker Hauptstr.,51069 Köln,J,
90511,90573,1    ,39   ,Dellbrücker Hauptstr. 16,GGS Dellbrücker Hauptstr.,51069 Köln,J,
90512,90571,1    ,39   ,Dellbrücker Hauptstr. 16,GGS Dellbrücker Hauptstr.,51069 Köln,J,
90513,90571,1    ,39   ,Dellbrücker Hauptstr. 16,GGS Dellbrücker Hauptstr.,51069 Köln,J,
90514,90573,1    ,39   ,Dellbrücker Hauptstr. 16,GGS Dellbrücker Hauptstr.,51069 Köln,J,
90515,90573,1    ,39   ,Dellbrücker Hauptstr. 16,GGS Dellbrücker Hauptstr.,51069 Köln,J,
90516,90573,1    ,39   ,Dellbrücker Hauptstr. 16,GGS Dellbrücker Hauptstr.,51069 Köln,J,
90517,90573,1    ,39   ,Dellbrücker Hauptstr. 16,GGS Dellbrücker Hauptstr.,51069 Köln,J,
90518,90574,1    ,39   ,Dellbrücker Mauspfad 200,Realschule Dellbrücker Mauspfad,51069 Köln,J,
90519,90574,1    ,39   ,Dellbrücker Mauspfad 200,Realschule Dellbrücker Mauspfad,51069 Köln,J,
90520,90574,1    ,39   ,Dellbrücker Mauspfad 200,Realschule Dellbrücker Mauspfad,51069 Köln,J,
90521,90574,1    ,39   ,Dellbrücker Mauspfad 200,Realschule Dellbrücker Mauspfad,51069 Köln,J,
90522,90574,1    ,39   ,Dellbrücker Mauspfad 200,Realschule Dellbrücker Mauspfad,51069 Köln,J,
90523,90574,1    ,39   ,Dellbrücker Mauspfad 200,Realschule Dellbrücker Mauspfad,51069 Köln,J,
90601,90671,1    ,38   ,Am Rosenmaar 3,Rosenmaarschule,51061 Köln,J,
90602,90671,1    ,38   ,Am Rosenmaar 3,Rosenmaarschule,51061 Köln,J,
90603,90671,1    ,38   ,Am Rosenmaar 3,Rosenmaarschule,51061 Köln,J,
90604,90671,1    ,38   ,Von-Bodelschwingh-Str. 24,GGS Von-Bodelschwingh-Str.,51061 Köln,J,
90605,90672,1    ,38   ,Von-Bodelschwingh-Str. 24,GGS Von-Bodelschwingh-Str.,51061 Köln,J,
90606,90672,1    ,38   ,Honschaftsstr. 312,GGS Honschaftsstr.,51061 Köln,J,Trakt A
90607,90672,1    ,38   ,Honschaftsstr. 312,GGS Honschaftsstr.,51061 Köln,J,Trakt A
90608,90672,1    ,38   ,Honschaftsstr. 312,GGS Honschaftsstr.,51061 Köln,J,Trakt A
90609,90672,1    ,38   ,Honschaftsstr. 312,GGS Honschaftsstr.,51061 Köln,J,Trakt A
90610,90673,1    ,38   ,Im Weidenbruch 214,Willy-Brandt-Gesamtschule,51061 Köln,J,
90611,90673,1    ,38   ,Im Weidenbruch 214,Willy-Brandt-Gesamtschule,51061 Köln,J,
90612,90673,1    ,38   ,Im Weidenbruch 214,Willy-Brandt-Gesamtschule,51061 Köln,J,
90613,90673,1    ,38   ,Im Weidenbruch 214,Willy-Brandt-Gesamtschule,51061 Köln,J,
90701,90771,1    ,38   ,Am Portzenacker 1b,GGS Am Portzenacker,51069 Köln,J,
90702,90771,1    ,38   ,Am Portzenacker 1b,GGS Am Portzenacker,51069 Köln,J,
90703,90771,1    ,38   ,Am Portzenacker 1b,GGS Am Portzenacker,51069 Köln,J,
90704,90772,1    ,38   ,Berliner Str. 975,Schule Berliner Str.,51069 Köln,J,
90705,90772,1    ,38   ,Berliner Str. 975,Schule Berliner Str.,51069 Köln,J,
90706,90771,1    ,38   ,Leuchterstr. 25,GGS Leuchterstr.,51069 Köln,J,
90707,90772,1    ,38   ,Leuchterstr. 25,GGS Leuchterstr.,51069 Köln,J,
90708,90772,1    ,38   ,Leuchterstr. 25,GGS Leuchterstr.,51069 Köln,J,
90709,90772,1    ,38   ,Leuchterstr. 25,GGS Leuchterstr.,51069 Köln,J,
90801,90871,1    ,37   ,Ricarda-Huch-Str. 60,GGS Ricarda-Huch-Str.,51061 Köln,J,
90802,90871,1    ,37   ,Ricarda-Huch-Str. 60,GGS Ricarda-Huch-Str.,51061 Köln,J,
90803,90871,1    ,37   ,Ricarda-Huch-Str. 60,GGS Ricarda-Huch-Str.,51061 Köln,J,
90804,90871,1    ,37   ,Ricarda-Huch-Str. 60,GGS Ricarda-Huch-Str.,51061 Köln,J,
90805,90871,1    ,37   ,Diependahlstr. 12,Kath. GS Diependahlstr.,51061 Köln,J,
90806,90871,1    ,37   ,Diependahlstr. 12,Kath. GS Diependahlstr.,51061 Köln,J,
90901,90971,1    ,37   ,Pützlachstr. 37,St. Sebastianus,51061 Köln,J,
90902,90971,1    ,37   ,Pützlachstr. 37,St. Sebastianus,51061 Köln,J,
90903,90971,1    ,37   ,Pützlachstr. 37,St. Sebastianus,51061 Köln,J,
90904,90972,1    ,37   ,Peter-Grieß-Str. 5-7,Regenbogenschule,51061 Köln,N,
90905,90972,1    ,37   ,Peter-Grieß-Str. 5-7,Regenbogenschule,51061 Köln,N,
90906,90972,1    ,37   ,Peter-Grieß-Str. 5-7,Regenbogenschule,51061 Köln,N,
90907,90972,1    ,37   ,Peter-Grieß-Str. 5-7,Regenbogenschule,51061 Köln,N,
