zip;street;;;;;;district_name;vote_district_id;landtag_election_district_id;local_election_district_id;bundestag_election_district_id
;;HnrVon;ZusatzVon;HnrBis;ZusatzBis;alle/ger/ung;;;;;
14469;Am alten Dorf;;;;;alle;;1101;;;
14469;Am Heineberg;;;;;alle;;1101;;;
14469;Am Phloxgarten;;;;;alle;;1101;;;
14469;Am Raubfang;19;;25;;U;;1101;;;
14469;Amselwinkel;;;;;alle;;1101;;;
14469;Amundsenstr;1;;1;F;U;;1101;;;
14469;Amundsenstr;5;;13;;U;;1101;;;
14469;An der Vogelwiese;;;;;alle;;1101;;;
14469;Breiter Weg;;;;;alle;;1101;;;
14469;Florastr;38;;50;;G;;1101;;;
14469;Florastr;53;;75;;U;;1101;;;
14469;GA Am Paretzer Kanal;21;;;;alle;;1101;;;
14469;GA Kanalbr�cke;;;;;alle;;1101;;;
14469;GA Zum Dreieck;;;;;alle;;1101;;;
14469;Gillis-Grafstr�m-Str;;;;;alle;;1101;;;
14469;Gr�ner Weg;;;;;alle;;1101;;;
14469;Gutsstr;;;;;alle;;1101;;;
14469;Heckenstr;1;;9;A;alle;;1101;;;
14469;Hermann-Struve-Str;;;;;alle;;1101;;;
14469;H�gelweg;1;;73;;U;;1101;;;
14469;Lerchensteig;29;;55;;U;;1101;;;
14469;Lerchensteig;44;;;;alle;;1101;;;
14469;Marquardter Str;;;;;alle;;1101;;;
14469;Max-Eyth-Allee;;;;;alle;;1101;;;
14469;Peter-Altmann-Str;;;;;alle;;1101;;;
14469;Ritterspornweg;;;;;alle;;1101;;;
14469;R�ckertstr;7;;34;;alle;;1101;;;
14469;Schneiderweg;;;;;alle;;1101;;;
14469;Schr�ger Weg;;;;;alle;;1101;;;
14469;Verl�ngerte Amtsstr;;;;;alle;;1101;;;
14469;Werner-Nerlich-Bogen;;;;;alle;;1101;;;
14469;Am Gro�en Herzberg;;;;;alle;;1102;;;
14469;Am Raubfang;1;;12;;alle;;1102;;;
14469;Am Raubfang;16;;;;alle;;1102;;;
14469;Am Windm�hlenberg;;;;;alle;;1102;;;
14469;Amundsenstr;13;A;27;A;U;;1102;;;
14469;Fasanenring;;;;;alle;;1102;;;
14469;Florastr;2;;32;;G;;1102;;;
14469;Florastr;5;;49;;U;;1102;;;
14469;Gersthofweg;;;;;alle;;1102;;;
14469;Golmer Chaussee;;;;;alle;;1102;;;
14469;Gr�benstr;;;;;alle;;1102;;;
14469;Haselnussring;;;;;alle;;1102;;;
14469;Heckenstr;10;;20;;alle;;1102;;;
14469;Herzbergstr;;;;;alle;;1102;;;
14469;H�gelweg;2;;74;;G;;1102;;;
14469;Hugstr;;;;;alle;;1102;;;
14469;Lindstedter Chaussee;;;;;alle;;1102;;;
14469;Mitschurinstr;;;;;alle;;1102;;;
14469;Pannenbergstr;;;;;alle;;1102;;;
14469;Pomonaring;;;;;alle;;1102;;;
14469;Potsdamer Str;35;;108;;alle;;1102;;;
14469;R�ckertstr;1;;5;C;U;;1102;;;
14469;R�ckertstr;2;;6;;G;;1102;;;
14469;R�ckertstr;35;;39;B;U;;1102;;;
14469;R�ckertstr;36;;40;A;G;;1102;;;
14469;Staudenweg;;;;;alle;;1102;;;
14469;Walnussring;;;;;alle;;1102;;;
14469;Windm�hlenweg;;;;;alle;;1102;;;
14469;Zum Weizenring;;;;;alle;;1102;;;
14469;Am Golfplatz;;;;;alle;;1301;;;
14469;Am Vogelherd;;;;;alle;;1301;;;
14469;Am Wei�en See;;;;;alle;;1301;;;
14469;Bienenwinkel;;;;;alle;;1301;;;
14469;Eichelkamp;;;;;alle;;1301;;;
14469;Fahrl�nder Damm;;;;;alle;;1301;;;
14469;Fintelmannstr;16;;32;;G;;1301;;;
14469;Fintelmannstr;19;;33;;U;;1301;;;
14469;Friedrich-Kunert-Weg;;;;;alle;;1301;;;
14469;Fritz-Encke-Str;9;;;;alle;;1301;;;
14469;GA Am Wei�en See;;;;;alle;;1301;;;
14469;Georg-Hermann-Allee;143;;145;;U;;1301;;;
14469;Grenzallee;4;;4;A;alle;;1301;;;
14469;Lerchensteig;2;;40;B;G;;1301;;;
14469;Lerchensteig;3;;25;A;U;;1301;;;
14469;Luzernstr;2;;12;;G;;1301;;;
14469;Nedlitzer Holz;;;;;alle;;1301;;;
14469;Nedlitzer Str;65;;85;;U;;1301;;;
14469;Nietnerstr;8;;24;;G;;1301;;;
14469;Opolestr;;;;;alle;;1301;;;
14469;Orville-Wright-Str;100;;116;;G;;1301;;;
14469;Strandweg;;;;;alle;;1301;;;
14469;Theodor-Echtermeyer-Str;21;;38;;alle;;1301;;;
14469;Viereckremise;;;;;alle;;1301;;;
14469;David-Gilly-Str;1;;5;;U;;1302;;;
14469;Dennis-Gabor-Str;;;;;alle;;1302;;;
14469;Fliederweg;;;;;alle;;1302;;;
14469;Habichtweg;14;;;;alle;;1302;;;
14469;Habichtweg;21;;45;;U;;1302;;;
14469;Heisenbergstr;;;;;alle;;1302;;;
14469;Kirschallee;1;;32;;alle;;1302;;;
14469;Kirschallee;173;;177;;alle;;1302;;;
14469;Ludwig-Boltzmann-Str;2;;4;;G;;1302;;;
14469;Neue Kirschallee;;;;;alle;;1302;;;
14469;Potsdamer Str;1;;11;;alle;;1302;;;
14469;Schulplatz;2;A;6;B;alle;;1302;;;
14469;Am Drachenberg;;;;;alle;;1303;;;
14469;Am Krongut;;;;;alle;;1303;;;
14469;Amundsenstr;28;;46;;G;;1303;;;
14469;Amundsenstr;33;;33;A;U;;1303;;;
14469;Blumenstr;;;;;alle;;1303;;;
14469;Eichenallee;;;;;alle;;1303;;;
14469;GA Am Drachenberg;;;;;alle;;1303;;;
14469;GA Am Lindstedter Tor;;;;;alle;;1303;;;
14469;GA An der Amundsenstr;;;;;alle;;1303;;;
14469;GA An der Katharinenholzstr;;;;;alle;;1303;;;
14469;Grabenstr;;;;;alle;;1303;;;
14469;Haeberlinweg;;;;;alle;;1303;;;
14469;Katharinenholzstr;;;;;alle;;1303;;;
14469;Lendelallee;;;;;alle;;1303;;;
14469;Potsdamer Str;165;;201;;alle;;1303;;;
14469;Ribbeckstr;;;;;alle;;1303;;;
14469;Siegward-Sprotte-Str;;;;;alle;;1303;;;
14469;Amtsstr;;;;;alle;;1304;;;
14469;Amundsenstr;2;;26;;G;;1304;;;
14469;Apfelweg;;;;;alle;;1304;;;
14469;Birnenweg;;;;;alle;;1304;;;
14469;Bussardweg;;;;;alle;;1304;;;
14469;Fritz-Encke-Str;2;;6;;G;;1304;;;
14469;GA Bornstedter Feld;;;;;alle;;1304;;;
14469;GA Habichtweg;;;;;alle;;1304;;;
14469;Habichtweg;1;;12;;alle;;1304;;;
14469;Hermann-M�chtig-Str;4;;6;;G;;1304;;;
14469;Herta-Hammerbacher-Str;2;;6;;alle;;1304;;;
14469;Kirschallee;33;;139;;alle;;1304;;;
14469;Melchior-Bauer-Str;2;;5;;alle;;1304;;;
14469;Nietnerstr;1;;7;;alle;;1304;;;
14469;Orville-Wright-Str;1;;137;;U;;1304;;;
14469;Potsdamer Str;12;;34;;alle;;1304;;;
14469;Thaerstr;;;;;alle;;1304;;;
14469;Zum Kurzen Feld;;;;;alle;;1304;;;
14469;Zum Lausebusch;;;;;alle;;1304;;;
14469;Zum Reiherstand;;;;;alle;;1304;;;
14469;August-Bonness-Str;9;;17;;U;;1305;;;
14469;Carl-Christian-Horvath-Str;4;;14;;G;;1305;;;
14469;Erich-Mendelsohn-Allee;4;;12;;G;;1305;;;
14469;Georg-Hermann-Allee;21;;31;;U;;1305;;;
14469;Hannes-Meyer-Str;;;;;alle;;1305;;;
14469;Kiepenheuerallee;11;;27;;U;;1305;;;
14469;Mies-van-der-Rohe-Str;;;;;alle;;1305;;;
14469;Peter-Behrens-Str;;;;;alle;;1305;;;
14469;Stechlinweg;;;;;alle;;1305;;;
14469;Erich-Mendelsohn-Allee;31;;91;;U;;1306;;;
14469;Fintelmannstr;1;;17;;U;;1306;;;
14469;Fintelmannstr;2;;14;;G;;1306;;;
14469;Fritz-Encke-Str;7;;;;alle;;1306;;;
14469;Fritz-Encke-Str;8;;22;;G;;1306;;;
14469;Gustav-Meyer-Str;2;;;;alle;;1306;;;
14469;Heinrich-Zeininger-Str;;;;;alle;;1306;;;
14469;Hermann-G�ritz-Str;;;;;alle;;1306;;;
14469;Hermann-M�chtig-Str;10;;28;;G;;1306;;;
14469;Hermann-Mattern-Promenade;32;;112;;G;;1306;;;
14469;Hermann-Mattern-Promenade;61;;119;;U;;1306;;;
14469;Herta-Hammerbacher-Str;8;;26;;G;;1306;;;
14469;Herta-Hammerbacher-Str;13;;27;;U;;1306;;;
14469;Ludwig-Lesser-Str;;;;;alle;;1306;;;
14469;Luzernstr;1;;9;;U;;1306;;;
14469;Max-Wundel-Str;;;;;alle;;1306;;;
14469;Melchior-Bauer-Str;19;;37;;U;;1306;;;
14469;Orville-Wright-Str;44;;98;;G;;1306;;;
14469;Paul-Engelhard-Str;39;;81;B;U;;1306;;;
14469;Paul-Engelhard-Str;44;;80;A;G;;1306;;;
14469;Salzmannweg;;;;;alle;;1306;;;
14469;Theodor-Echtermeyer-Str;2;;20;;alle;;1306;;;
14469;Walter-Funcke-Str;;;;;alle;;1306;;;
14469;Am Schragen;;;;;alle;;1307;;;
14469;August-Bonness-Str;1;;7;;U;;1307;;;
14469;Bartholom�us-Neumann-Str;;;;;alle;;1307;;;
14469;Carl-Christian-Horvath-Str;1;;13;;U;;1307;;;
14469;Georg-Hermann-Allee;9;;19;;U;;1307;;;
14469;Jakob-von-Gundling-Str;;;;;alle;;1307;;;
14469;Johannes-Lepsius-Str;;;;;alle;;1307;;;
14469;Karen-Jeppe-Str;;;;;alle;;1307;;;
14469;Kiepenheuerallee;5;;;;alle;;1307;;;
14469;Pappelallee;1;;5;;alle;;1307;;;
14469;Richard-Sch�fer-Str;;;;;alle;;1307;;;
14469;Alexander-Klein-Str;;;;;alle;;1308;;;
14469;David-Gilly-Str;4;;;;alle;;1308;;;
14469;Erich-Mendelsohn-Allee;1;;29;;U;;1308;;;
14469;Erwin-Barth-Str;;;;;alle;;1308;;;
14469;Hermann-Mattern-Promenade;1;;39;;U;;1308;;;
14469;Hermann-Mattern-Promenade;8;;30;;G;;1308;;;
14469;Karl-Krieger-Str;;;;;alle;;1308;;;
14469;Kirschallee;179;;;;alle;;1308;;;
14469;Konrad-Wachsmann-Str;;;;;alle;;1308;;;
14469;Ludwig-Boltzmann-Str;8;;10;;G;;1308;;;
14469;Melchior-Bauer-Str;6;;38;;G;;1308;;;
14469;Orville-Wright-Str;2;;42;;G;;1308;;;
14469;Pappelallee;14;;17;;alle;;1308;;;
14469;Paul-Engelhard-Str;1;;37;;alle;;1308;;;
14469;Reiherweg;;;;;alle;;1308;;;
14469;Schulplatz;7;;;;alle;;1308;;;
14469;Angermannstr;;;;;alle;;1309;;;
14469;Erich-Arendt-Str;;;;;alle;;1309;;;
14469;Esplanade;;;;;alle;;1309;;;
14469;Georg-Hermann-Allee;32;;98;C;G;;1309;;;
14469;Georg-Hermann-Allee;39;;105;;U;;1309;;;
14469;Gertrud-Feiertag-Str;;;;;alle;;1309;;;
14469;Hermann-Kasack-Str;;;;;alle;;1309;;;
14469;Horst-Bienek-Str;;;;;alle;;1309;;;
14469;Jochen-Klepper-Str;;;;;alle;;1309;;;
14469;Kiepenheuerallee;28;;;;alle;;1309;;;
14469;Nedlitzer Str;15;;27;C;alle;;1309;;;
14469;Reinhold-Schneider-Str;;;;;alle;;1309;;;
14469;Am H�mphorn;;;;;alle;;1401;;;
14469;GA Anglerwiese;;;;;alle;;1401;;;
14469;GA Meedehorn;;;;;alle;;1401;;;
14469;Im K�nigswald;;;;;alle;;1401;;;
14469;Kladower Str;;;;;alle;;1401;;;
14469;Krampnitzer Str;;;;;alle;;1401;;;
14469;Weinmeisterweg;;;;;alle;;1401;;;
14469;Zur Anglerwiese;;;;;alle;;1401;;;
14469;Am alten M�rtelwerk;9;;23;;alle;;1501;;;
14469;Am Langen Berg;;;;;alle;;1501;;;
14469;Baumhaselring;1;;109;;U;;1501;;;
14469;Baumhaselring;2;;164;A;G;;1501;;;
14469;Baumschulenweg;6;A;6;E;alle;;1501;;;
14469;Eichenring;1;;41;;U;;1501;;;
14469;Eichenring;10;;58;;G;;1501;;;
14469;Kahlenbergstr;6;;9;;alle;;1501;;;
14469;Kirschenstieg;;;;;alle;;1501;;;
14469;Krumme Str;;;;;alle;;1501;;;
14469;Mehlbeerenweg;2;;12;;G;;1501;;;
14469;Mehlbeerenweg;9;;19;;U;;1501;;;
14469;Ro�kastanienstr;1;;15;;U;;1501;;;
14469;Ro�kastanienstr;2;;8;;G;;1501;;;
14469;Schlehenstieg;;;;;alle;;1501;;;
14469;Vogelbeerenweg;;;;;alle;;1501;;;
14469;Wacholderstieg;;;;;alle;;1501;;;
14469;Wei�dornweg;1;;21;;U;;1501;;;
14469;Wei�dornweg;16;;32;;G;;1501;;;
14469;Wildkirschenweg;1;;7;;U;;1501;;;
14469;Wildkirschenweg;2;;10;;G;;1501;;;
14469;Am Gr�nen Weg;;;;;alle;;1502;;;
14469;Am Kirchblick;;;;;alle;;1502;;;
14469;Birkenh�gel;12;;12;A;G;;1502;;;
14469;Ecksteinweg;;;;;alle;;1502;;;
14469;Kaiser-Friedrich-Str;96;;135;O;alle;;1502;;;
14469;Altes Rad;;;;;alle;;1503;;;
14469;Am alten M�rtelwerk;1;;5;;U;;1503;;;
14469;Am Eichenhain;1;;7;;alle;;1503;;;
14469;Baumhaselring;111;;123;;U;;1503;;;
14469;Baumhaselring;166;;198;A;G;;1503;;;
14469;Baumschulenweg;2;;6;;G;;1503;;;
14469;Baumschulenweg;3;;19;;U;;1503;;;
14469;Baumschulenweg;8;A;18;;G;;1503;;;
14469;Birkenh�gel;1;;6;;alle;;1503;;;
14469;Brombeerstieg;;;;;alle;;1503;;;
14469;Ehrenpfortenbergstr;;;;;alle;;1503;;;
14469;Eichenring;43;;51;;U;;1503;;;
14469;Eichenring;60;;92;;G;;1503;;;
14469;Kahlenbergstr;1;;5;;alle;;1503;;;
14469;Kaiser-Friedrich-Str;16;;95;;alle;;1503;;;
14469;Kuhforter Damm;;;;;alle;;1503;;;
14469;Lindengrund;;;;;alle;;1503;;;
14469;Lindstedter Str;;;;;alle;;1503;;;
14469;Mehlbeerenweg;3;;7;;U;;1503;;;
14469;Rosenstieg;;;;;alle;;1503;;;
14469;Ro�kastanienstr;10;;28;;G;;1503;;;
14469;Ro�kastanienstr;17;;61;;U;;1503;;;
14469;Siedlungsweg;;;;;alle;;1503;;;
14469;Thujaweg;;;;;alle;;1503;;;
14469;Wei�dornweg;2;;14;;G;;1503;;;
14469;Wildapfelweg;;;;;alle;;1503;;;
14469;Wildbirnenweg;;;;;alle;;1503;;;
14469;Wildkirschenweg;9;;19;;U;;1503;;;
14469;Am alten M�rtelwerk;2;;8;A;G;;1504;;;
14469;Am Sandberg;;;;;alle;;1504;;;
14469;Am Tempelberg;;;;;alle;;1504;;;
14469;Carl-D�hne-Str;;;;;alle;;1504;;;
14469;Kaiser-Friedrich-Str;1;;15;;alle;;1504;;;
14469;Kaiser-Friedrich-Str;140;;148;;alle;;1504;;;
14469;Weg nach Bornim;;;;;alle;;1504;;;
14469;Zum D�steren Teich;;;;;alle;;1504;;;
14469;Am Bahnhof;;;;;alle;;1601;;;
14469;Am Blinker;;;;;alle;;1601;;;
14469;Am Konsumplatz;;;;;alle;;1601;;;
14469;Am K�ssel;;;;;alle;;1601;;;
14469;Ausbau;;;;;alle;;1601;;;
14469;Bollmannsteig;;;;;alle;;1601;;;
14469;Dorfstr (OT Grube);;;;;alle;;1601;;;
14469;Ebereschenweg (OT Grube);;;;;alle;;1601;;;
14469;Feldweg (OT Grube);;;;;alle;;1601;;;
14469;Forellensprung;;;;;alle;;1601;;;
14469;Hauptweg;;;;;alle;;1601;;;
14469;Klabautermann;;;;;alle;;1601;;;
14469;Laubenweg;;;;;alle;;1601;;;
14469;M�hlendamm;;;;;alle;;1601;;;
14469;Nattwerder Weg;;;;;alle;;1601;;;
14469;Neue Dorfstr;;;;;alle;;1601;;;
14469;Petri Heil;218;;;;alle;;1601;;;
14469;Rosenweg (OT Grube);;;;;alle;;1601;;;
14469;Schl�nitzseer Weg;;;;;alle;;1601;;;
14469;Schmidtshof;;;;;alle;;1601;;;
14469;Schwarzer Weg;;;;;alle;;1601;;;
14469;Steife Brise;;;;;alle;;1601;;;
14469;Stichkanal;;;;;alle;;1601;;;
14469;Strandweg (OT Grube);302;;;;alle;;1601;;;
14469;Vogelsang (OT Grube);;;;;alle;;1601;;;
14469;Wiesenrain;;;;;alle;;1601;;;
14469;Wublitzstr;;;;;alle;;1601;;;
14476;Am Urnenfeld;;;;;alle;;1701;;;
14476;Ehrenpfortenbergstr (OT Golm);;;;;alle;;1701;;;
14476;Habichtweg (OT Golm);;;;;alle;;1701;;;
14476;In der Feldmark;32;;64;;G;;1701;;;
14476;In der Feldmark;53;;65;;U;;1701;;;
14476;In der Heide;;;;;alle;;1701;;;
14476;Karl-Liebknecht-Str (OT Golm);;;;;alle;;1701;;;
14476;Karl-Liebknecht-Str (OT Golm);24;;;;alle;;1701;;;
14476;K�uzchenweg (OT Golm);;;;;alle;;1701;;;
14476;Kleiberweg;;;;;alle;;1701;;;
14476;Kuhfortdamm;;;;;alle;;1701;;;
14476;Meisenweg (OT Golm);;;;;alle;;1701;;;
14476;Pirolweg;;;;;alle;;1701;;;
14476;Reiherbergstr;1;;8;;alle;;1701;;;
14476;Reiherbergstr;36;;69;;alle;;1701;;;
14476;Spechtweg;;;;;alle;;1701;;;
14476;Sperberweg;;;;;alle;;1701;;;
14476;Turmfalkenweg;;;;;alle;;1701;;;
14476;Am Golmer Weinberg;;;;;alle;;1702;;;
14476;Am M�hlenberg;;;;;alle;;1702;;;
14476;Am Zernsee;;;;;alle;;1702;;;
14476;Bornimer Chaussee;;;;;alle;;1702;;;
14476;Falknerstr;;;;;alle;;1702;;;
14476;Fuchsweg;;;;;alle;;1702;;;
14476;Galliner Damm;;;;;alle;;1702;;;
14476;Geiselbergstr;;;;;alle;;1702;;;
14476;Golmer Damm;;;;;alle;;1702;;;
14476;J�gerstr (OT Golm);;;;;alle;;1702;;;
14476;Koss�tenweg;;;;;alle;;1702;;;
14476;Reiherbergstr;9;;35;;alle;;1702;;;
14476;Ritterstr;;;;;alle;;1702;;;
14476;Schwalbenhof;;;;;alle;;1702;;;
14476;Storchenhof;;;;;alle;;1702;;;
14476;Thomas-M�ntzer-Str;;;;;alle;;1702;;;
14476;Weinmeisterstr (OT Golm);;;;;alle;;1702;;;
14476;Winkelhof;;;;;alle;;1702;;;
14476;Zum M�hlenteich;;;;;alle;;1702;;;
14476;Am Zachelsberg;;;;;alle;;1703;;;
14476;An der Bahn;;;;;alle;;1703;;;
14476;Eichenweg (OT Golm);;;;;alle;;1703;;;
14476;Elsternstr;;;;;alle;;1703;;;
14476;Golmer Fichten;;;;;alle;;1703;;;
14476;Grasm�ckenring;;;;;alle;;1703;;;
14476;In der Feldmark;1;;37;;U;;1703;;;
14476;In der Feldmark;2;;28;;G;;1703;;;
14476;Taubenbogen;;;;;alle;;1703;;;
14476;Zaunk�nigweg;1;;11;;alle;;1703;;;
14476;Zaunk�nigweg;15;;;;alle;;1703;;;
14476;Zum Gro�en Herzberg;2;;22;;alle;;1703;;;
14467;Am Hang;;;;;alle;;2101;;;
14467;Am Neuen Garten;9;;52;;alle;;2101;;;
14467;Am Pfingstberg;;;;;alle;;2101;;;
14467;Am Reiherbusch;10;;15;;alle;;2101;;;
14467;Bertinistr;;;;;alle;;2101;;;
14467;Bertiniweg;;;;;alle;;2101;;;
14467;Eichbergstr;;;;;alle;;2101;;;
14467;Fritz-von-der-Lancken-Str;20;;26;;G;;2101;;;
14467;GA Berg Auf;;;;;alle;;2101;;;
14467;GA Pfingstberg;;;;;alle;;2101;;;
14467;Glumestr;;;;;alle;;2101;;;
14467;Gro�e Weinmeisterstr;1;;48;;alle;;2101;;;
14467;H�henstr;;;;;alle;;2101;;;
14467;Langhansstr;;;;;alle;;2101;;;
14467;Leistikowstr;;;;;alle;;2101;;;
14467;Nedlitzer Str;1;F;8;;alle;;2101;;;
14467;Nedlitzer Str;1;;1;D;alle;;2101;;;
14467;Puschkinallee;18;;20;;alle;;2101;;;
14467;Vogelweide;;;;;alle;;2101;;;
14469;Alleestr;1;;7;;alle;;2102;;;
14469;Am Neuen Garten;1;;8;;alle;;2102;;;
14469;Behlertstr;4;A;12;;alle;;2102;;;
14469;Bertha-von-Suttner-Str;;;;;alle;;2102;;;
14469;Eisenhartstr;;;;;alle;;2102;;;
14469;Friedrich-Ebert-Str;49;;71;B;alle;;2102;;;
14469;Hebbelstr;14;;33;;alle;;2102;;;
14469;Helene-Lange-Str;1;;10;;alle;;2102;;;
14469;Im Neuen Garten;;;;;alle;;2102;;;
14469;J�gerallee;19;;;;alle;;2102;;;
14469;Reiterweg;;;;;alle;;2102;;;
14469;Alleestr;8;;13;;alle;;2103;;;
14469;Beyerstr;;;;;alle;;2103;;;
14469;Birkenstr;;;;;alle;;2103;;;
14469;Gro�e Weinmeisterstr;49;A;64;;alle;;2103;;;
14469;Hessestr;;;;;alle;;2103;;;
14469;Kleine Weinmeisterstr;;;;;alle;;2103;;;
14469;Persiusstr;;;;;alle;;2103;;;
14469;Puschkinallee;1;;17;;alle;;2103;;;
14469;Russische Kolonie;;;;;alle;;2103;;;
14469;Am Jungfernsee;;;;;alle;;2104;;;
14469;Am Reiherbusch;1;;9;;alle;;2104;;;
14469;Bruno-Taut-Str;;;;;alle;;2104;;;
14469;Carl-Adam-Petri-Str;;;;;alle;;2104;;;
14469;Carl-Gustav-Jacobi-Str;;;;;alle;;2104;;;
14469;Emmy-Noether-Str;;;;;alle;;2104;;;
14469;Friedrich-Klausing-Str;;;;;alle;;2104;;;
14469;Fritz-von-der-Lancken-Str;1;;11;;alle;;2104;;;
14469;Graf-von-Schwerin-Str;;;;;alle;;2104;;;
14469;Hermann-Weyl-Str;;;;;alle;;2104;;;
14469;Konrad-Zuse-Ring;;;;;alle;;2104;;;
14469;Nedlitzer Str;8;B;8;E;alle;;2104;;;
14469;Nedlitzer Str;100;;;;alle;;2104;;;
14469;Zum Exerzierhaus;;;;;alle;;2104;;;
14469;Einsiedelei;;;;;alle;;2201;;;
14469;GA Katzens�ule;;;;;alle;;2201;;;
14469;Gregor-Mendel-Str;21;;23;;alle;;2201;;;
14469;Kurt-von-Plettenberg-Str;;;;;alle;;2201;;;
14469;Kutscherweg;;;;;alle;;2201;;;
14469;Pappelallee;33;;35;G;alle;;2201;;;
14469;Parkstr;;;;;alle;;2201;;;
14469;Reitbahnstr;;;;;alle;;2201;;;
14469;Ruinenbergstr;;;;;alle;;2201;;;
14469;Sattlerstr;;;;;alle;;2201;;;
14469;Schlegelstr;14;;20;;alle;;2201;;;
14469;Schmiedegasse;;;;;alle;;2201;;;
14469;An den G�rten;;;;;alle;;2202;;;
14469;Brentanoweg;;;;;alle;;2202;;;
14469;Gregor-Mendel-Str;1;;16;;alle;;2202;;;
14469;Gregor-Mendel-Str;24;;44;;alle;;2202;;;
14469;J�gerallee;20;;27;;alle;;2202;;;
14469;Johann-Goercke-Allee;;;;;alle;;2202;;;
14469;Moritz-von-Egidy-Str;;;;;alle;;2202;;;
14469;Pappelallee;38;;49;;alle;;2202;;;
14469;Schlegelstr;1;;6;;alle;;2202;;;
14469;Tieckstr;;;;;alle;;2202;;;
14469;Ulanenweg;;;;;alle;;2202;;;
14469;Voltaireweg;;;;;alle;;2202;;;
14469;Weinbergstr;1;;17;;alle;;2202;;;
14467;Berliner Str;43;;112;;alle;;2301;;;
14467;B�cklinstr;;;;;alle;;2301;;;
14467;Fritz-Rumpf-Str;;;;;alle;;2301;;;
14467;GA Berliner Vorstadt;;;;;alle;;2301;;;
14467;Leonardo-da-Vinci-Str;;;;;alle;;2301;;;
14467;Ludwig-Richter-Str;1;;12;A;alle;;2301;;;
14467;Menzelstr;;;;;alle;;2301;;;
14467;Rembrandtstr;;;;;alle;;2301;;;
14467;Schwanenallee;;;;;alle;;2301;;;
14467;Seestr;11;;21;;alle;;2301;;;
14467;Tizianstr;;;;;alle;;2301;;;
14467;Behlertstr;1;;4;;alle;;2302;;;
14467;Behlertstr;45;;45;A;alle;;2302;;;
14467;Berliner Str;26;A;42;;alle;;2302;;;
14467;Berliner Str;113;;139;;alle;;2302;;;
14467;D�rerstr;;;;;alle;;2302;;;
14467;Helmholtzstr;;;;;alle;;2302;;;
14467;Ludwig-Richter-Str;13;;34;;alle;;2302;;;
14467;Mangerstr;;;;;alle;;2302;;;
14467;M�hlenweg;;;;;alle;;2302;;;
14467;Otto-Nagel-Str;;;;;alle;;2302;;;
14467;Rubensstr;;;;;alle;;2302;;;
14467;Schiffbauergasse;;;;;alle;;2302;;;
14467;Seestr;2;;10;;alle;;2302;;;
14467;Seestr;22;;46;;alle;;2302;;;
14467;Allee nach Sanssouci;;;;;alle;;3101;;;
14467;Am Gr�nen Gitter;1;;;;alle;;3101;;;
14467;Am Gr�nen Gitter;4;;;;alle;;3101;;;
14467;Breite Str;23;A;23;B;U;;3101;;;
14467;Lennestr;1;;8;;alle;;3101;;;
14467;Lennestr;81;;82;;alle;;3101;;;
14467;Luisenplatz;;;;;alle;;3101;;;
14467;Schopenhauerstr;23;;44;;alle;;3101;;;
14467;Zeppelinstr;1;;6;;alle;;3101;;;
14467;Zeppelinstr;173;;189;;alle;;3101;;;
14467;Zimmerstr;1;;10;;alle;;3101;;;
14467;Zimmerstr;13;A;15;;alle;;3101;;;
14471;Feuerbachstr;1;;13;;alle;;3102;;;
14471;Feuerbachstr;34;;42;;alle;;3102;;;
14471;Lennestr;59;;80;;alle;;3102;;;
14471;Lennestr;85;;;;alle;;3102;;;
14471;Sellostr;2;;15;A;alle;;3102;;;
14471;Zeppelinstr;7;;26;;alle;;3102;;;
14471;Zimmerstr;12;;12;C;alle;;3102;;;
14471;Auf dem Kiewitt;1;;2;;alle;;3103;;;
14471;Clara-Zetkin-Str;2;;13;;alle;;3103;;;
14471;Clara-Zetkin-Str;21;;31;;alle;;3103;;;
14471;Feuerbachstr;31;A;33;;alle;;3103;;;
14471;Geschwister-Scholl-Str;1;;7;A;alle;;3103;;;
14471;Geschwister-Scholl-Str;88;;97;;alle;;3103;;;
14471;Meistersingerstr;20;;;;alle;;3103;;;
14471;Nansenstr;2;;5;;alle;;3103;;;
14471;Sellostr;20;;30;;alle;;3103;;;
14471;Stiftstr;;;;;alle;;3103;;;
14471;Zeppelinstr;28;;33;;alle;;3103;;;
14471;Zeppelinstr;147;;163;A;alle;;3103;;;
14471;Auf dem Kiewitt;23;;39;;alle;;3104;;;
14471;Breite Str;24;;28;;G;;3104;;;
14471;Zeppelinstr;164;;172;;alle;;3104;;;
14471;Am Gr�nen Gitter;3;;11;;U;;3105;;;
14471;Am Gr�nen Gitter;6;;10;;G;;3105;;;
14471;Am Neuen Palais;;;;;alle;;3105;;;
14471;An der Orangerie;;;;;alle;;3105;;;
14471;Clara-Zetkin-Str;15;;20;;alle;;3105;;;
14471;Feuerbachstr;14;;31;;alle;;3105;;;
14471;Geschwister-Scholl-Str;22;;36;;alle;;3105;;;
14471;Hans-Sachs-Str;32;;55;;alle;;3105;;;
14471;Im Park Sanssouci;;;;;alle;;3105;;;
14471;Lennestr;9;;32;A;alle;;3105;;;
14471;Lennestr;46;;54;;alle;;3105;;;
14471;Maulbeerallee;;;;;alle;;3105;;;
14471;Meistersingerstr;1;;2;;alle;;3105;;;
14471;Nansenstr;6;;10;;alle;;3105;;;
14471;Sellostr;15;B;19;;alle;;3105;;;
14471;Carl-von-Ossietzky-Str;1;;21;A;alle;;3106;;;
14471;Geschwister-Scholl-Str;8;;14;;alle;;3106;;;
14471;Geschwister-Scholl-Str;73;;87;;alle;;3106;;;
14471;Lennestr;43;;45;;alle;;3106;;;
14471;Meistersingerstr;3;;6;;alle;;3106;;;
14471;Meistersingerstr;16;;18;;alle;;3106;;;
14471;Nansenstr;11;;25;;alle;;3106;;;
14471;Zeppelinstr;34;;45;;alle;;3106;;;
14471;Auf dem Kiewitt;6;;14;;alle;;3107;;;
14471;Grillparzerstr;;;;;alle;;3107;;;
14471;Schillerplatz;;;;;alle;;3107;;;
14471;Schillerstr;;;;;alle;;3107;;;
14471;Wielandstr;;;;;alle;;3107;;;
14471;Zeppelinstr;138;;142;;alle;;3107;;;
14471;Carl-von-Ossietzky-Str;22;;40;;alle;;3108;;;
14471;Geschwister-Scholl-Str;15;;21;;alle;;3108;;;
14471;Hans-Sachs-Str;1;;27;;alle;;3108;;;
14471;Lennestr;34;;42;;alle;;3108;;;
14471;Meistersingerstr;7;;15;;alle;;3108;;;
14471;Feldweg;;;;;alle;;3201;;;
14471;Fichtestr;;;;;alle;;3201;;;
14471;Geschwister-Scholl-Str;38;B;72;F;alle;;3201;;;
14471;Kantstr;1;;9;;alle;;3201;;;
14471;Kantstr;20;;33;;alle;;3201;;;
14471;Kastanienallee;1;;5;;alle;;3201;;;
14471;Kastanienallee;28;;40;;alle;;3201;;;
14471;Maybachstr;6;;10;;alle;;3201;;;
14471;Werderscher Weg;1;;2;A;alle;;3201;;;
14471;Zeppelinstr;47;;55;;alle;;3201;;;
14471;Haeckelstr;30;;72;;alle;;3202;;;
14471;Im Bogen;19;;21;;alle;;3202;;;
14471;Kantstr;10;;15;D;alle;;3202;;;
14471;Kastanienallee;6;;11;;alle;;3202;;;
14471;Knobelsdorffstr;10;;12;;G;;3202;;;
14471;Maybachstr;1;A;5;;alle;;3202;;;
14471;Roseggerstr;1;;29;;U;;3202;;;
14471;Stormstr;53;;;;alle;;3202;;;
14471;Zeppelinstr;68;H;68;M;alle;;3202;;;
14471;Am Luftschiffhafen;;;;;alle;;3203;;;
14471;An der Pirschheide;13;;28;;alle;;3203;;;
14471;Haeckelstr;1;;13;;alle;;3203;;;
14471;Havelwelle;;;;;alle;;3203;;;
14471;Kantstr;16;A;19;;alle;;3203;;;
14471;Kastanienallee;12;;27;;alle;;3203;;;
14471;Knobelsdorffstr;1;;3;;alle;;3203;;;
14471;Mertz-von-Quirnheim-Str;;;;;alle;;3203;;;
14471;Olympischer Weg;;;;;alle;;3203;;;
14471;Roseggerstr;2;;24;;G;;3203;;;
14471;Zeppelinstr;58;;62;;alle;;3203;;;
14471;Zeppelinstr;113;;136;;alle;;3203;;;
14471;Im Bogen;22;;28;;alle;;3204;;;
14471;Knobelsdorffstr;5;;47;;U;;3204;;;
14471;Knobelsdorffstr;6;;6;D;G;;3204;;;
14471;Stormstr;1;;52;;alle;;3204;;;
14471;Zeppelinstr;67;;83;;U;;3204;;;
14471;Zeppelinstr;68;A;68;G;G;;3204;;;
14471;Zeppelinstr;70;;82;;G;;3204;;;
14471;Am Wildpark;;;;;alle;;3205;;;
14471;An der Pirschheide;40;;42;;alle;;3205;;;
14471;Elisenweg;;;;;alle;;3205;;;
14471;Forststr;;;;;alle;;3205;;;
14471;GA Birnbaumenden;;;;;alle;;3205;;;
14471;GA Im Bogen;;;;;alle;;3205;;;
14471;GA Kr�henbusch;;;;;alle;;3205;;;
14471;GA Unverzagt Rosenweg;;;;;alle;;3205;;;
14471;GA Werderscher Weg;;;;;alle;;3205;;;
14471;Gontardstr;;;;;alle;;3205;;;
14471;Im Bogen;1;;18;;alle;;3205;;;
14471;Im Wildpark;;;;;alle;;3205;;;
14471;Immenseestr;;;;;alle;;3205;;;
14471;Kuhforter Damm;;;;;alle;;3205;;;
14471;Schl�terstr;;;;;alle;;3205;;;
14471;Sonnenlandstr;;;;;alle;;3205;;;
14471;Stadtheide;;;;;alle;;3205;;;
14471;Ungerstr;;;;;alle;;3205;;;
14471;Werderscher Damm;;;;;alle;;3205;;;
14471;Werderscher Weg;2;C;3;;alle;;3205;;;
14471;Zeppelinstr;84;;111;;alle;;3205;;;
14471;Zum Bahnhof Pirschheide;;;;;alle;;3205;;;
14467;Gutenbergstr;103;;115;;alle;;4101;;;
14467;Hegelallee;11;;43;;alle;;4101;;;
14467;Hermann-Elflein-Str;1;;7;;alle;;4101;;;
14467;Hermann-Elflein-Str;32;;38;;alle;;4101;;;
14467;J�gerallee;28;;40;;alle;;4101;;;
14467;Lindenstr;1;;9;;alle;;4101;;;
14467;Mauerstr;1;;11;;alle;;4101;;;
14467;Schopenhauerstr;19;;19;A;alle;;4101;;;
14467;Weinbergstr;20;A;43;;alle;;4101;;;
14467;Am Palais Lichtenau;;;;;alle;;4102;;;
14467;Behlertstr;13;;32;;alle;;4102;;;
14467;Benkertstr;;;;;alle;;4102;;;
14467;Friedrich-Ebert-Str;20;;35;B;alle;;4102;;;
14467;Friedrich-Ebert-Str;36;;48;;alle;;4102;;;
14467;Gutenbergstr;69;;86;;alle;;4102;;;
14467;Hans-Thoma-Str;9;;;;alle;;4102;;;
14467;Hebbelstr;7;;12;B;alle;;4102;;;
14467;Hebbelstr;33;A;56;;alle;;4102;;;
14467;Kurf�rstenstr;1;;31;;alle;;4102;;;
14467;Kurf�rstenstr;36;;52;;alle;;4102;;;
14467;Leiblstr;17;;26;;alle;;4102;;;
14467;Mittelstr;;;;;alle;;4102;;;
14467;Am Kanal;2;;6;A;alle;;4103;;;
14467;Behlertstr;33;;44;;alle;;4103;;;
14467;Berliner Str;10;;26;;alle;;4103;;;
14467;Berliner Str;140;;152;;alle;;4103;;;
14467;Charlottenstr;70;;72;;alle;;4103;;;
14467;Gutenbergstr;51;;66;;alle;;4103;;;
14467;Hans-Thoma-Str;1;;7;;alle;;4103;;;
14467;Hans-Thoma-Str;11;;14;;alle;;4103;;;
14467;Hebbelstr;1;;2;;alle;;4103;;;
14467;Holzmarktstr;;;;;alle;;4103;;;
14467;Kurf�rstenstr;32;;35;;alle;;4103;;;
14467;Leiblstr;3;;12;;alle;;4103;;;
14467;T�rkstr;;;;;alle;;4103;;;
14467;Brandenburger Str;1;;13;;alle;;4104;;;
14467;Breite Str;7;;23;;alle;;4104;;;
14467;Charlottenstr;1;;15;;alle;;4104;;;
14467;Charlottenstr;116;;128;;alle;;4104;;;
14467;Dortustr;37;;45;;alle;;4104;;;
14467;Hermann-Elflein-Str;15;;24;;alle;;4104;;;
14467;Kiezstr;;;;;alle;;4104;;;
14467;Lindenstr;17;;27;;alle;;4104;;;
14467;Schopenhauerstr;1;;;;alle;;4104;;;
14467;Schopenhauerstr;5;;12;;alle;;4104;;;
14467;B�ckerstr;;;;;alle;;4105;;;
14467;Brandenburger Str;15;;27;;alle;;4105;;;
14467;Charlottenstr;16;;33;;alle;;4105;;;
14467;Charlottenstr;94;;115;;alle;;4105;;;
14467;Dortustr;18;;35;;alle;;4105;;;
14467;Dortustr;47;;57;;alle;;4105;;;
14467;Ebr�erstr;;;;;alle;;4105;;;
14467;Friedrich-Ebert-Str;105;;115;;alle;;4105;;;
14467;Im Nikolaiquartier;;;;;alle;;4105;;;
14467;J�gerstr;17;;21;;alle;;4105;;;
14467;Kleine Gasse;;;;;alle;;4105;;;
14467;Lindenstr;35;;51;;alle;;4105;;;
14467;Spornstr;;;;;alle;;4105;;;
14467;Wilhelm-Staab-Str;;;;;alle;;4105;;;
14467;Yorckstr;2;;16;;alle;;4105;;;
14467;Am Alten Markt;;;;;alle;;4106;;;
14467;Am Kanal;50;;53;;alle;;4106;;;
14467;Am Lustgartenwall;;;;;alle;;4106;;;
14467;Am Neuen Markt;;;;;alle;;4106;;;
14467;Brauerstr;1;;;;alle;;4106;;;
14467;Breite Str;1;;6;;alle;;4106;;;
14467;Dortustr;45;A;46;;alle;;4106;;;
14467;Friedrich-Ebert-Str;116;;121;;alle;;4106;;;
14467;GA Hinzenberg;;;;;alle;;4106;;;
14467;Henning-von-Tresckow-Str;;;;;alle;;4106;;;
14467;Hoffbauerstr;;;;;alle;;4106;;;
14467;Humboldtstr;;;;;alle;;4106;;;
14467;Joliot-Curie-Str;;;;;alle;;4106;;;
14467;Otto-Braun-Platz;;;;;alle;;4106;;;
14467;Schlo�str;;;;;alle;;4106;;;
14467;Schwertfegerstr;;;;;alle;;4106;;;
14467;Siefertstr;;;;;alle;;4106;;;
14467;Untere Planitz;;;;;alle;;4106;;;
14467;Wall am Kiez;;;;;alle;;4106;;;
14467;Werner-Seelenbinder-Str;;;;;alle;;4106;;;
14467;Yorckstr;17;;22;;alle;;4106;;;
14467;Yorckstr;27;;;;alle;;4106;;;
14467;Am Kanal;54;;74;;alle;;4107;;;
14467;Brauerstr;4;;7;;alle;;4107;;;
14467;Burgstr;;;;;alle;;4107;;;
14467;Eltesterstr;;;;;alle;;4107;;;
14467;Gro�e Fischerstr;;;;;alle;;4107;;;
14467;Heilig-Geist-Str;;;;;alle;;4107;;;
14467;Kleine Fischerstr;;;;;alle;;4107;;;
14467;Brandenburger Str;48;;71;;alle;;4108;;;
14467;Dortustr;1;;17;;alle;;4108;;;
14467;Dortustr;59;;74;;alle;;4108;;;
14467;Friedrich-Ebert-Str;72;;92;;alle;;4108;;;
14467;Gutenbergstr;1;;25;;alle;;4108;;;
14467;Gutenbergstr;87;;102;;alle;;4108;;;
14467;Hegelallee;2;;5;;alle;;4108;;;
14467;Hegelallee;44;;57;;alle;;4108;;;
14467;Helene-Lange-Str;10;A;18;A;alle;;4108;;;
14467;Hermann-Elflein-Str;8;;14;;alle;;4108;;;
14467;Hermann-Elflein-Str;25;;30;;alle;;4108;;;
14467;J�gerallee;10;;15;;alle;;4108;;;
14467;J�gerstr;1;;15;;alle;;4108;;;
14467;J�gerstr;33;;42;;alle;;4108;;;
14467;Lindenstr;10;;16;;alle;;4108;;;
14467;Lindenstr;52;;66;;alle;;4108;;;
14467;Schopenhauerstr;15;;18;;alle;;4108;;;
14467;Am Bassin;;;;;alle;;4109;;;
14467;Am Kanal;7;;12;;alle;;4109;;;
14467;Brandenburger Str;28;A;47;A;alle;;4109;;;
14467;Charlottenstr;46;;67;;alle;;4109;;;
14467;Charlottenstr;73;;92;;alle;;4109;;;
14467;Franz�sische Str;;;;;alle;;4109;;;
14467;Friedrich-Ebert-Str;9;;19;;alle;;4109;;;
14467;Friedrich-Ebert-Str;93;;103;;alle;;4109;;;
14467;Gutenbergstr;26;;33;;alle;;4109;;;
14467;Im Franz�sischen Quartier;;;;;alle;;4109;;;
14467;J�gerstr;22;;32;;alle;;4109;;;
14467;Platz der Einheit;;;;;alle;;4109;;;
14467;Posthofstr;;;;;alle;;4109;;;
14473;Babelsberger Str;;;;;alle;;4201;;;
14473;Humboldtring;1;;17;;U;;4201;;;
14473;Humboldtring;12;A;;;alle;;4201;;;
14473;Humboldtring;41;;79;;U;;4201;;;
14473;Lange Br�cke;1;;;;alle;;4201;;;
14473;Edisonallee;2;;6;;G;;4202;;;
14473;Edisonallee;11;;19;;U;;4202;;;
14473;Hans-Marchwitza-Ring;31;;54;;alle;;4202;;;
14473;Humboldtring;19;;27;;U;;4202;;;
14473;Humboldtring;32;;120;;G;;4202;;;
14473;Lotte-Pulewka-Str;18;;;;alle;;4202;;;
14473;Edisonallee;10;;;;alle;;4203;;;
14473;Friedrich-List-Str;8;;;;alle;;4203;;;
14473;Hans-Marchwitza-Ring;7;;29;;U;;4203;;;
14473;Hans-Marchwitza-Ring;8;;22;;G;;4203;;;
14473;Karl-Foerster-Str;;;;;alle;;4203;;;
14473;Lotte-Pulewka-Str;23;;63;;U;;4203;;;
14473;Max-Volmer-Str;1;;3;;alle;;4203;;;
14473;Wiesenstr;1;;7;;alle;;4203;;;
14473;Wiesenstr;38;;40;;alle;;4203;;;
14473;Hans-Marchwitza-Ring;1;;3;;U;;4204;;;
14473;Humboldtring;2;;10;;G;;4204;;;
14473;Humboldtring;14;;30;;G;;4204;;;
14473;Lotte-Pulewka-Str;4;A;;;alle;;4204;;;
14473;Lotte-Pulewka-Str;11;;21;;U;;4204;;;
14473;Max-Volmer-Str;4;;17;;alle;;4204;;;
14473;Wiesenstr;8;;36;;alle;;4204;;;
14473;Albert-Einstein-Str;1;;25;;U;;4205;;;
14473;Altes Bahnwerk;;;;;alle;;4205;;;
14473;Am Stellwerk;;;;;alle;;4205;;;
14473;Friedhofsgasse;1;;;;alle;;4205;;;
14473;Friedrich-Engels-Str;1;;16;;alle;;4205;;;
14473;Friedrich-Engels-Str;78;;98;;alle;;4205;;;
14473;Heinrich-Mann-Allee;1;;24;A;alle;;4205;;;
14473;Zum Wasserturm;;;;;alle;;4205;;;
14473;Altstadtblick;;;;;alle;;4206;;;
14473;Am Speicher;;;;;alle;;4206;;;
14473;An der Kornm�hle;;;;;alle;;4206;;;
14473;Friedrich-Wilhelm-Boelcke-Str;;;;;alle;;4206;;;
14473;Leipziger Str;8;;10;C;alle;;4206;;;
14473;Zur K�niglichen Hofbrauerei;;;;;alle;;4206;;;
14473;Albert-Einstein-Str;2;;26;;G;;4207;;;
14473;Am Havelblick;;;;;alle;;4207;;;
14473;Brauhausberg;1;;14;;alle;;4207;;;
14473;Brauhausberg;24;;36;;alle;;4207;;;
14473;Finkenweg;1;;4;;alle;;4207;;;
14473;Finkenweg;11;;16;;alle;;4207;;;
14473;Leipziger Str;51;;65;;alle;;4207;;;
14473;Max-Planck-Str;;;;;alle;;4207;;;
14482;Allee nach Glienicke;21;;83;;alle;;5201;;;
14482;Am B�ttcherberg;;;;;alle;;5201;;;
14482;Am Waldrand;;;;;alle;;5201;;;
14482;An der Sternwarte;;;;;alle;;5201;;;
14482;Behringstr;54;;94;;G;;5201;;;
14482;Bruno-H-B�rgel-Str;49;;71;;U;;5201;;;
14482;Bruno-H-B�rgel-Str;54;;80;;G;;5201;;;
14482;Donarstr;17;;;;alle;;5201;;;
14482;Filchnerstr;42;;62;;G;;5201;;;
14482;Filchnerstr;47;;59;;U;;5201;;;
14482;Glienicker Winkel;;;;;alle;;5201;;;
14482;Griebnitzstr;;;;;alle;;5201;;;
14482;Hermann-Maa�-Str;44;;64;;G;;5201;;;
14482;Hermann-Maa�-Str;49;;79;;U;;5201;;;
14482;Karl-Marx-Str;26;;35;B;alle;;5201;;;
14482;Lankestr;;;;;alle;;5201;;;
14482;Louis-Nathan-Allee;;;;;alle;;5201;;;
14482;M�venstr;;;;;alle;;5201;;;
14482;Park Babelsberg;12;;14;;alle;;5201;;;
14482;Rosa-Luxemburg-Str;13;;25;;alle;;5201;;;
14482;Spitzweggasse;;;;;alle;;5201;;;
14482;Tannenstr;;;;;alle;;5201;;;
14482;Tannenweg;;;;;alle;;5201;;;
14482;Waldm�llerstr;;;;;alle;;5201;;;
14482;Wannseestr;;;;;alle;;5201;;;
14482;Wasserstr;;;;;alle;;5201;;;
14482;Wilhelm-Leuschner-Str;;;;;alle;;5201;;;
14482;August-Bier-Str;;;;;alle;;5202;;;
14482;Baldurstr;;;;;alle;;5202;;;
14482;Behringstr;26;;52;;G;;5202;;;
14482;Behringstr;31;;91;;U;;5202;;;
14482;Bruno-H-B�rgel-Str;17;;47;;U;;5202;;;
14482;Domstr;1;;39;;U;;5202;;;
14482;Donarstr;1;;13;;U;;5202;;;
14482;Donarstr;2;;32;;G;;5202;;;
14482;Filchnerstr;13;;43;;U;;5202;;;
14482;Filchnerstr;14;;40;;G;;5202;;;
14482;Gertrud-Droste-Platz;;;;;alle;;5202;;;
14482;Heinestr;16;;26;;alle;;5202;;;
14482;Hermann-Maa�-Str;5;;47;B;U;;5202;;;
14482;Hermann-Maa�-Str;6;;42;;G;;5202;;;
14482;Herthastr;;;;;alle;;5202;;;
14482;Johann-Strau�-Platz;;;;;alle;;5202;;;
14482;Karl-Marx-Str;6;A;25;;alle;;5202;;;
14482;Karl-Marx-Str;41;;62;;alle;;5202;;;
14482;Robert-Koch-Str;;;;;alle;;5202;;;
14482;Rosa-Luxemburg-Str;1;;12;;alle;;5202;;;
14482;Rosa-Luxemburg-Str;26;;41;;alle;;5202;;;
14482;Sauerbruchstr;;;;;alle;;5202;;;
14482;Scheffelstr;3;A;;;alle;;5202;;;
14482;Scheffelstr;19;;27;;U;;5202;;;
14482;Virchowstr;6;;53;;alle;;5202;;;
14482;Domstr;2;A;58;;G;;5203;;;
14482;Espengrund;;;;;alle;;5203;;;
14482;Fontanestr;;;;;alle;;5203;;;
14482;Freiligrathstr;;;;;alle;;5203;;;
14482;Goethestr;34;;52;;G;;5203;;;
14482;Goethestr;51;;77;;U;;5203;;;
14482;Heinestr;1;;13;;U;;5203;;;
14482;Herderstr;;;;;alle;;5203;;;
14482;Karl-Marx-Str;3;;5;B;alle;;5203;;;
14482;Karl-Marx-Str;63;;72;;alle;;5203;;;
14482;Klopstockstr;;;;;alle;;5203;;;
14482;K�rnerweg;;;;;alle;;5203;;;
14482;Lessingstr;29;;56;;alle;;5203;;;
14482;Otto-Erich-Str;;;;;alle;;5203;;;
14482;Reuterstr;;;;;alle;;5203;;;
14482;Rudolf-Breitscheid-Str;113;B;236;A;alle;;5203;;;
14482;Stubenrauchstr;;;;;alle;;5203;;;
14482;Uhlandstr;14;;25;A;alle;;5203;;;
14482;Virchowstr;1;;5;;U;;5203;;;
14482;Bendastr;7;;12;;alle;;5204;;;
14482;Goethestr;3;;49;;U;;5204;;;
14482;Karl-Gruhl-Str;17;;42;;alle;;5204;;;
14482;Kreuzstr;2;;7;B;alle;;5204;;;
14482;Lessingstr;1;;28;;alle;;5204;;;
14482;M�llerstr;6;;7;;alle;;5204;;;
14482;Plantagenhof;;;;;alle;;5204;;;
14482;Plantagenplatz;;;;;alle;;5204;;;
14482;Plantagenstr;3;;20;;alle;;5204;;;
14482;Plantagenstr;30;;33;;alle;;5204;;;
14482;Rudolf-Breitscheid-Str;56;;85;;alle;;5204;;;
14482;Turnstr;2;;12;;alle;;5204;;;
14482;Uhlandstr;1;;12;A;alle;;5204;;;
14482;Wichgrafstr;;;;;alle;;5204;;;
14482;Alt Nowawes;41;;89;;U;;5205;;;
14482;Garnstr;23;;37;;alle;;5205;;;
14482;Karl-Gruhl-Str;1;;16;;alle;;5205;;;
14482;Karl-Liebknecht-Str;11;;38;;alle;;5205;;;
14482;Karl-Liebknecht-Str;100;;126;;alle;;5205;;;
14482;Kreuzstr;8;;15;;alle;;5205;;;
14482;Lutherstr;;;;;alle;;5205;;;
14482;Schornsteinfegergasse;6;;12;;alle;;5205;;;
14482;Spindelstr;5;A;12;;alle;;5205;;;
14482;Tuchmacherstr;1;;17;;alle;;5205;;;
14482;Tuchmacherstr;34;;51;;alle;;5205;;;
14482;Weberplatz;1;;19;;alle;;5205;;;
14482;Allee nach Glienicke;2;;4;;G;;5206;;;
14482;Alt Nowawes;40;;130;;G;;5206;;;
14482;Alt Nowawes;93;;107;;U;;5206;;;
14482;Grenzstr;;;;;alle;;5206;;;
14482;Jutestr;;;;;alle;;5206;;;
14482;Karl-Liebknecht-Str;90;;99;;alle;;5206;;;
14482;M�hlenstr;4;;23;;alle;;5206;;;
14482;Neue Str;1;;7;;alle;;5206;;;
14482;Park Babelsberg;1;;11;;alle;;5206;;;
14482;Spindelstr;1;;5;;alle;;5206;;;
14482;Tuchmacherstr;20;;32;;alle;;5206;;;
14482;Wollestr;;;;;alle;;5206;;;
14482;Alt Nowawes;22;;36;;G;;5207;;;
14482;Alt Nowawes;39;;;;alle;;5207;;;
14482;An der Alten Brauerei;;;;;alle;;5207;;;
14482;Bendastr;1;;6;A;alle;;5207;;;
14482;Daimlerstr;1;;;;alle;;5207;;;
14482;Daimlerstr;2;;12;;G;;5207;;;
14482;Friedrich-List-Str;11;;;;alle;;5207;;;
14482;Garnstr;1;;22;;alle;;5207;;;
14482;Glasmeisterstr;;;;;alle;;5207;;;
14482;Johannsenstr;;;;;alle;;5207;;;
14482;Karl-Liebknecht-Str;4;;10;;alle;;5207;;;
14482;Karl-Liebknecht-Str;127;;138;A;alle;;5207;;;
14482;M�hlenstr;1;A;3;;alle;;5207;;;
14482;Neue Str;7;A;14;;alle;;5207;;;
14482;Rudolf-Breitscheid-Str;2;;54;;alle;;5207;;;
14482;Schornsteinfegergasse;1;;5;;alle;;5207;;;
14482;Theodor-Hoppe-Weg;;;;;alle;;5207;;;
14482;Voltastr;;;;;alle;;5207;;;
14482;Weberplatz;20;;29;;alle;;5207;;;
14482;Allee nach Glienicke;15;;17;;U;;5208;;;
14482;Behringstr;1;;29;;U;;5208;;;
14482;Behringstr;4;;24;;G;;5208;;;
14482;Bruno-H-B�rgel-Str;1;;15;;U;;5208;;;
14482;Bruno-H-B�rgel-Str;4;;52;;G;;5208;;;
14482;Concordiaweg;;;;;alle;;5208;;;
14482;Donarstr;34;;36;;G;;5208;;;
14482;Filchnerstr;1;;12;;alle;;5208;;;
14482;GA Babelsberg 1912;;;;;alle;;5208;;;
14482;GA Freie Scholle;;;;;alle;;5208;;;
14482;GA Hoffnung;;;;;alle;;5208;;;
14482;Goethestr;4;;32;;G;;5208;;;
14482;Heinestr;2;;14;;G;;5208;;;
14482;Hoher Weg;;;;;alle;;5208;;;
14482;Karl-Gruhl-Str;44;;66;;alle;;5208;;;
14482;Karl-Liebknecht-Str;39;;69;;alle;;5208;;;
14482;Kolonie Eigenland;;;;;alle;;5208;;;
14482;M�llerstr;1;;3;;alle;;5208;;;
14482;M�llerstr;8;;11;;alle;;5208;;;
14482;Obere Donarstr;;;;;alle;;5208;;;
14482;Pasteurstr;;;;;alle;;5208;;;
14482;Plantagenstr;22;;26;;alle;;5208;;;
14482;Scheffelstr;20;;60;;G;;5208;;;
14482;Semmelweisstr;;;;;alle;;5208;;;
14482;Turnstr;15;;51;;alle;;5208;;;
14482;Daimlerstr;5;;11;;U;;5301;;;
14482;Daimlerstr;14;;18;;G;;5301;;;
14482;Dieselstr;1;;18;;alle;;5301;;;
14482;Friedrich-Engels-Str;25;;56;;alle;;5301;;;
14482;Friesenstr;;;;;alle;;5301;;;
14482;GA �bergang;;;;;alle;;5301;;;
14482;Gro�beerenstr;1;;27;;U;;5301;;;
14482;Horstweg;93;;;;alle;;5301;;;
14482;Jahnstr;;;;;alle;;5301;;;
14482;Karl-Liebknecht-Str;139;;140;;alle;;5301;;;
14482;Lutherplatz;3;;7;;alle;;5301;;;
14482;Neuendorfer Anger;;;;;alle;;5301;;;
14482;Wattstr;17;;23;;U;;5301;;;
14482;Dieselstr;20;;50;;G;;5302;;;
14482;Fultonstr;14;;16;;G;;5302;;;
14482;Gro�beerenstr;29;;65;A;U;;5302;;;
14482;Gro�beerenstr;38;;90;;G;;5302;;;
14482;Heinrich-von-Kleist-Str;2;;12;;G;;5302;;;
14482;Heinrich-von-Kleist-Str;3;;17;;U;;5302;;;
14482;Horstweg;1;;6;;alle;;5302;;;
14482;Kopernikusstr;33;;57;;U;;5302;;;
14482;Siemensstr;15;;37;;U;;5302;;;
14482;Wattstr;20;;24;;G;;5302;;;
14482;Althoffstr;;;;;alle;;5303;;;
14482;Anhaltstr;;;;;alle;;5303;;;
14482;Benzstr;;;;;alle;;5303;;;
14482;Eichenweg;;;;;alle;;5303;;;
14482;Gro�beerenstr;92;;114;;G;;5303;;;
14482;Heideweg;;;;;alle;;5303;;;
14482;Kopernikusstr;2;;54;;G;;5303;;;
14482;Paul-Neumann-Str;5;;53;;U;;5303;;;
14482;Pestalozzistr;;;;;alle;;5303;;;
14482;Stephensonstr;;;;;alle;;5303;;;
14482;Am Klubhaus;;;;;alle;;5304;;;
14482;Am Sportplatz;31;;49;;alle;;5304;;;
14482;An der Sandscholle;32;;52;;G;;5304;;;
14482;August-Bebel-Str;10;;13;;alle;;5304;;;
14482;Blumenweg;1;;23;;U;;5304;;;
14482;Franz-Mehring-Str;1;;19;;alle;;5304;;;
14482;Paul-Neumann-Str;2;;54;;G;;5304;;;
14482;Rosenstr;1;;25;;U;;5304;;;
14482;Rosenstr;2;;66;;G;;5304;;;
14482;Rotdornweg;;;;;alle;;5304;;;
14482;Stahnsdorfer Str;1;;75;;U;;5304;;;
14482;Stahnsdorfer Str;4;;110;;G;;5304;;;
14482;Am Sportplatz;1;;29;;U;;5305;;;
14482;Am Sportplatz;2;;6;;G;;5305;;;
14482;An der Sandscholle;2;;30;;alle;;5305;;;
14482;August-Bebel-Str;55;;66;;alle;;5305;;;
14482;Blumenweg;2;;32;;G;;5305;;;
14482;Dianastr;2;;46;;G;;5305;;;
14482;Franz-Mehring-Str;21;;65;;alle;;5305;;;
14482;Gro�beerenstr;122;;200;;G;;5305;;;
14482;Kleine Str;;;;;alle;;5305;;;
14482;Marlene-Dietrich-Allee;9;;;;alle;;5305;;;
14482;Merkurstr;;;;;alle;;5305;;;
14482;Paul-Neumann-Str;55;;97;;U;;5305;;;
14482;Paul-Neumann-Str;56;;84;;G;;5305;;;
14482;Rosenstr;27;;55;;U;;5305;;;
14482;Steinstr;27;;27;A;alle;;5305;;;
14482;August-Bebel-Str;26;;27;;alle;;5306;;;
14482;August-Bebel-Str;72;;89;A;alle;;5306;;;
14482;Dianastr;1;;17;;U;;5306;;;
14482;F�rsterweg;;;;;alle;;5306;;;
14482;Heinz-R�hmann-Weg;;;;;alle;;5306;;;
14482;J�gersteig;;;;;alle;;5306;;;
14482;Marlene-Dietrich-Allee;15;;19;;alle;;5306;;;
14482;Rote-Kreuz-Str;;;;;alle;;5306;;;
14482;Stahnsdorfer Str;77;;129;;U;;5306;;;
14482;Stahnsdorfer Str;140;A;156;C;G;;5306;;;
14482;Steinstr;1;;23;;U;;5306;;;
14482;Steinstr;8;;18;;G;;5306;;;
14482;Ahornstr;;;;;alle;;5307;;;
14482;An den Windm�hlen;2;;28;A;G;;5307;;;
14482;Biberweg;;;;;alle;;5307;;;
14482;Fritz-Zubeil-Str;1;;23;A;U;;5307;;;
14482;Fritz-Zubeil-Str;2;;34;;G;;5307;;;
14482;Fritz-Zubeil-Str;60;;94;;G;;5307;;;
14482;GA Gl�ck Auf;;;;;alle;;5307;;;
14482;GA Uns Gen�gts;;;;;alle;;5307;;;
14482;Gartenstr;;;;;alle;;5307;;;
14482;Gro�beerenstr;91;;175;;U;;5307;;;
14482;Gr�nstr;;;;;alle;;5307;;;
14482;Kleewall;;;;;alle;;5307;;;
14482;Konsumhof;;;;;alle;;5307;;;
14482;Mitteldamm;;;;;alle;;5307;;;
14482;Orenstein und Koppel Str;;;;;alle;;5307;;;
14482;Otterweg;;;;;alle;;5307;;;
14482;Prager Str;;;;;alle;;5307;;;
14482;Sophie-Farber-Str;;;;;alle;;5307;;;
14482;Ulmenstr;;;;;alle;;5307;;;
14482;Weidendamm;;;;;alle;;5307;;;
14482;Wetzlarer Str;;;;;alle;;5307;;;
14482;Fultonstr;1;;21;;U;;5308;;;
14482;Fultonstr;2;;8;;G;;5308;;;
14482;Gro�beerenstr;4;;34;;G;;5308;;;
14482;Heinrich-von-Kleist-Str;1;A;1;B;alle;;5308;;;
14482;Karl-Liebknecht-Str;1;;3;;alle;;5308;;;
14482;Kopernikusstr;1;;31;;U;;5308;;;
14482;Lutherplatz;1;;2;;alle;;5308;;;
14482;Schulstr;;;;;alle;;5308;;;
14482;Siemensstr;1;;13;;U;;5308;;;
14482;Siemensstr;2;;38;;G;;5308;;;
14482;Wattstr;2;;16;;alle;;5308;;;
14482;An den Windm�hlen;3;;31;;U;;5309;;;
14482;Baberowweg;;;;;alle;;5309;;;
14482;Dieselstr;27;;61;;U;;5309;;;
14482;Dieselstr;52;;60;;G;;5309;;;
14482;Fritz-Zubeil-Str;25;;95;;U;;5309;;;
14482;Gro�beerenstr;67;;89;;U;;5309;;;
14482;Heinrich-von-Kleist-Str;14;;34;;G;;5309;;;
14482;Heinrich-von-Kleist-Str;19;;41;;U;;5309;;;
14482;Horstweg;8;;10;;G;;5309;;;
14482;Jacques-Russ-Str;;;;;alle;;5309;;;
14482;Lotte-Laserstein-Str;;;;;alle;;5309;;;
14482;Rudolf-Moos-Str;;;;;alle;;5309;;;
14482;Walter-Klausch-Str;;;;;alle;;5309;;;
14473;Alter Tornow;;;;;alle;;6101;;;
14473;Am Uferpark;;;;;alle;;6101;;;
14473;An der F�hrwiese;;;;;alle;;6101;;;
14473;An der Vorderkappe;;;;;alle;;6101;;;
14473;Brauhausberg;20;;21;;alle;;6101;;;
14473;Finkenweg;5;;9;;alle;;6101;;;
14473;GA Alter Tornow;;;;;alle;;6101;;;
14473;GA Sternschanze;;;;;alle;;6101;;;
14473;GA Waldwiese;;;;;alle;;6101;;;
14473;Heinrich-Mann-Allee;94;;;;alle;;6101;;;
14473;Hermannswerder;;;;;alle;;6101;;;
14473;Inselweg;;;;;alle;;6101;;;
14473;K�sselstr;;;;;alle;;6101;;;
14473;Leipziger Str;14;;47;;alle;;6101;;;
14473;Leiterstr;;;;;alle;;6101;;;
14473;Luisenhof;;;;;alle;;6101;;;
14473;Michendorfer Chaussee;1;;5;;alle;;6101;;;
14473;Michendorfer Chaussee;8;;115;A;alle;;6101;;;
14473;Paetowstr;;;;;alle;;6101;;;
14473;Templiner Str;;;;;alle;;6101;;;
14473;Tornowstr;;;;;alle;;6101;;;
14473;Ulrich-von-Hutten-Str;;;;;alle;;6101;;;
14473;Alte G�rtnerei;1;;17;;U;;6201;;;
14473;An den Kopfweiden;;;;;alle;;6201;;;
14473;Bergholzer Str;;;;;alle;;6201;;;
14473;Birkengrund;;;;;alle;;6201;;;
14473;Friedhofsgasse;2;;6;;G;;6201;;;
14473;Friedrich-Engels-Str;17;;23;;alle;;6201;;;
14473;GA Oberf�rsterwiese;;;;;alle;;6201;;;
14473;Heinrich-Mann-Allee;106;A;;;alle;;6201;;;
14473;Horstweg;96;;;;alle;;6201;;;
14473;Kolonie Daheim;;;;;alle;;6201;;;
14473;Kurze Str;;;;;alle;;6201;;;
14473;Nuthewinkel;1;;6;;alle;;6201;;;
14473;Schlaatzstr;;;;;alle;;6201;;;
14473;Schlaatzweg;;;;;alle;;6201;;;
14473;Albert-Einstein-Str;26;A;36;A;G;;6202;;;
14473;Albert-Einstein-Str;49;;;;alle;;6202;;;
14473;Alte G�rtnerei;2;;18;;G;;6202;;;
14473;Am Brunnen;;;;;alle;;6202;;;
14473;Drevesstr;1;;27;;alle;;6202;;;
14473;Drevesstr;40;;64;;alle;;6202;;;
14473;Heinrich-Mann-Allee;26;;57;;alle;;6202;;;
14473;Heinrich-Mann-Allee;103;;104;;alle;;6202;;;
14473;Horstweg;105;;109;;alle;;6202;;;
14473;Kunersdorfer Str;1;;25;;alle;;6202;;;
14473;Nuthewinkel;14;;14;B;alle;;6202;;;
14473;Telegrafenberg;;;;;alle;;6202;;;
14478;Am F�rsteracker;;;;;alle;;6203;;;
14478;Am Plantagenhaus;;;;;alle;;6203;;;
14478;Am Wald;;;;;alle;;6203;;;
14478;Damaschkeweg;;;;;alle;;6203;;;
14478;Drevesstr;28;;39;;alle;;6203;;;
14478;Hasensprung;;;;;alle;;6203;;;
14478;Hegemeisterweg;;;;;alle;;6203;;;
14478;Heidereiterweg;;;;;alle;;6203;;;
14478;Heimrode;;;;;alle;;6203;;;
14478;Heinrich-Mann-Allee;58;;93;;alle;;6203;;;
14478;Kottmeierstr;;;;;alle;;6203;;;
14478;Kunersdorfer Str;26;;38;;alle;;6203;;;
14478;Ravensberggestell;;;;;alle;;6203;;;
14478;Ravensbergweg;;;;;alle;;6203;;;
14478;Vogelsang;;;;;alle;;6203;;;
14478;Waldstr;;;;;alle;;6203;;;
14478;An der Alten Zauche;30;;50;;G;;6301;;;
14478;An der Alten Zauche;45;;;;alle;;6301;;;
14478;Falkenhorst;1;;17;;U;;6301;;;
14478;Falkenhorst;2;;12;;G;;6301;;;
14478;Habichthorst;2;;14;;G;;6301;;;
14478;Milanhorst;1;;7;;U;;6301;;;
14478;Sperberhorst;;;;;alle;;6301;;;
14478;An der Alten Zauche;24;;28;;G;;6302;;;
14478;Falkenhorst;14;;38;;G;;6302;;;
14478;Habichthorst;1;;13;;U;;6302;;;
14478;Milanhorst;2;;24;;G;;6302;;;
14478;Milanhorst;11;;39;;U;;6302;;;
14478;Schilfhof;1;;23;;U;;6302;;;
14478;Erlenhof;1;;55;;U;;6303;;;
14478;Erlenhof;24;;30;;G;;6303;;;
14478;Magnus-Zeller-Platz;2;;6;;G;;6303;;;
14478;Schilfhof;18;;24;;G;;6303;;;
14478;Weidenhof;;;;;alle;;6303;;;
14478;An der Alten Zauche;2;;22;;G;;6304;;;
14478;Binsenhof;;;;;alle;;6304;;;
14478;Drewitzer Str;1;;2;A;alle;;6304;;;
14478;Heinrich-Mann-Allee;120;A;120;B;alle;;6304;;;
14478;Hermann-Muthesius-Str;;;;;alle;;6304;;;
14478;Horstweg;94;;;;alle;;6304;;;
14478;Horstweg;98;;;;alle;;6304;;;
14478;Julius-Posener-Str;;;;;alle;;6304;;;
14478;Magnus-Zeller-Platz;1;;3;;U;;6304;;;
14478;Schilfhof;2;;16;;G;;6304;;;
14478;Bisamkiez;13;;45;;U;;6305;;;
14478;Bisamkiez;34;;36;;G;;6305;;;
14478;Erlenhof;10;;22;;G;;6305;;;
14478;Inselhof;;;;;alle;;6305;;;
14478;Otterkiez;23;;43;;U;;6305;;;
14478;Schilfhof;29;;;;alle;;6305;;;
14478;Am Nuthetal;10;;24;;alle;;6306;;;
14478;Biberkiez;;;;;alle;;6306;;;
14478;Bisamkiez;1;;11;;U;;6306;;;
14478;Bisamkiez;107;;;;alle;;6306;;;
14478;Erlenhof;2;;8;;G;;6306;;;
14478;Pappelhof;;;;;alle;;6306;;;
14478;Wiesenhof;;;;;alle;;6306;;;
14478;Am Nuthetal;2;;8;;G;;6307;;;
14478;Bisamkiez;2;;24;;G;;6307;;;
14478;Otterkiez;1;;21;;U;;6307;;;
14478;Otterkiez;2;;26;;G;;6307;;;
14478;Wieselkiez;;;;;alle;;6307;;;
14478;Am Fenn;;;;;alle;;6401;;;
14478;Am Stadtrand;1;;23;;U;;6401;;;
14478;Am Stadtrand;4;;24;;G;;6401;;;
14478;Drewitzer Str;3;;22;;alle;;6401;;;
14478;GA Nuthestrand 2;;;;;alle;;6401;;;
14478;K�the-Kollwitz-Str;;;;;alle;;6401;;;
14478;K�uzchenweg;;;;;alle;;6401;;;
14478;Lisdorf;;;;;alle;;6401;;;
14478;Meisenweg;3;;13;;alle;;6401;;;
14478;Tiroler Damm;;;;;alle;;6401;;;
14478;Unter den Eichen;1;;50;;alle;;6401;;;
14478;Zur Nuthe;;;;;alle;;6401;;;
14478;Am Buchhorst;;;;;alle;;6402;;;
14478;Am B�rohochhaus;;;;;alle;;6402;;;
14478;Am Stadtrand;2;;;;alle;;6402;;;
14478;Am Stadtrand;25;;60;;alle;;6402;;;
14478;An der Brauerei;;;;;alle;;6402;;;
14478;Drewitzer Str;38;;;;alle;;6402;;;
14478;Drewitzer Str;43;;51;;alle;;6402;;;
14478;Erich-Weinert-Str;9;;54;;alle;;6402;;;
14478;Handelshof;;;;;alle;;6402;;;
14478;Meisenweg;1;;;;alle;;6402;;;
14478;M�belhof;;;;;alle;;6402;;;
14478;Nuthedamm;1;A;1;B;alle;;6402;;;
14478;Nuthedamm;31;;33;;alle;;6402;;;
14478;Verkehrshof;;;;;alle;;6402;;;
14478;Zum Heizwerk;;;;;alle;;6402;;;
14478;Bernhard-Kellermann-Str;;;;;alle;;6403;;;
14478;Eduard-Claudius-Str;;;;;alle;;6403;;;
14478;Erich-Weinert-Str;1;A;;;alle;;6403;;;
14478;Friedrich-Wolf-Str;11;A;;;alle;;6403;;;
14478;Johannes-R.-Becher-Str;1;;28;;alle;;6403;;;
14478;Johannes-R.-Becher-Str;54;;77;;alle;;6403;;;
14478;Kuckucksruf;;;;;alle;;6403;;;
14478;Bertolt-Brecht-Str;;;;;alle;;6404;;;
14478;Brunnenallee;;;;;alle;;6404;;;
14478;Drewitzer Str;23;;39;A;U;;6404;;;
14478;Drewitzer Str;24;;36;;G;;6404;;;
14478;Drewitzer Str;40;;40;A;G;;6404;;;
14478;Erich-Weinert-Str;1;;;;alle;;6404;;;
14478;Erich-Weinert-Str;2;;4;;alle;;6404;;;
14478;Erich-Weinert-Str;56;;100;;alle;;6404;;;
14478;Friedrich-Wolf-Str;1;;8;;alle;;6404;;;
14478;Johannes-R.-Becher-Str;29;;53;;alle;;6404;;;
14478;Sophie-Alberti-Str;;;;;alle;;6404;;;
14478;Kiefernring;10;;38;;G;;6501;;;
14478;Saarmunder Str;2;;4;E;G;;6501;;;
14478;Zum Jagenstein;1;A;3;;U;;6501;;;
14478;Zum Jagenstein;2;;8;;G;;6501;;;
14478;Zum Kahleberg;2;;26;;G;;6501;;;
14478;Zum Kahleberg;25;;99;;U;;6501;;;
14478;Ginsterweg;;;;;alle;;6502;;;
14478;Saarmunder Str;6;;32;;G;;6502;;;
14478;Saarmunder Str;7;;45;;U;;6502;;;
14478;Zum Jagenstein;5;;37;;U;;6502;;;
14478;Zum Jagenstein;10;;20;;G;;6502;;;
14478;Zum Kahleberg;1;;23;A;U;;6502;;;
14478;Am Moosfenn;20;;30;;G;;6503;;;
14478;Am Moosfenn;27;;35;;U;;6503;;;
14478;Kiefernring;33;;63;;U;;6503;;;
14478;Kiefernring;40;;108;;G;;6503;;;
14478;Sonnentaustr;1;;21;;U;;6503;;;
14478;Am Moosfenn;2;A;18;;G;;6504;;;
14478;Am Moosfenn;3;;5;;U;;6504;;;
14478;Kiefernring;1;;29;;U;;6504;;;
14478;Kiefernring;4;;6;;G;;6504;;;
14478;Saarmunder Str;50;;64;;G;;6504;;;
14478;Sonnentaustr;6;;10;;G;;6504;;;
14478;Zum Teufelssee;2;;;;alle;;6504;;;
14478;Am Schlangenfenn;2;;30;;G;;6505;;;
14478;Am Schlangenfenn;11;;81;;U;;6505;;;
14478;Am Springbruch;;;;;alle;;6505;;;
14478;Moosgl�ckchenweg;2;;18;;G;;6505;;;
14478;Caputher Heuweg;2;;12;;G;;6506;;;
14478;Liefelds Grund;;;;;alle;;6506;;;
14478;Saarmunder Str;67;;85;;alle;;6506;;;
14478;Zum Teufelssee;1;;35;;U;;6506;;;
14478;Am Schlangenfenn;1;;9;;U;;6507;;;
14478;Caputher Heuweg;3;;69;;U;;6507;;;
14478;Moosgl�ckchenweg;1;;27;;U;;6507;;;
14478;Zum Teufelssee;8;;48;;G;;6507;;;
14480;Am Geh�lz;;;;;alle;;7101;;;
14480;Bahnhofstr;1;;41;;alle;;7101;;;
14480;Bahnhofstr;124;;127;;alle;;7101;;;
14480;Beethovenstr;;;;;alle;;7101;;;
14480;Gagarinstr;5;;;;alle;;7101;;;
14480;Gro�beerenstr;208;;254;;alle;;7101;;;
14480;Hans-Grade-Ring;1;;30;;alle;;7101;;;
14480;Hans-Grade-Ring;60;;70;;alle;;7101;;;
14480;Hubertusdamm;1;;24;A;alle;;7101;;;
14480;In der Aue;8;;34;;G;;7101;;;
14480;In der Aue;11;;31;A;U;;7101;;;
14480;Lortzingstr;;;;;alle;;7101;;;
14480;Mendelssohn-Bartholdy-Str;2;A;48;;G;;7101;;;
14480;Mozartstr;;;;;alle;;7101;;;
14480;Parallelweg;;;;;alle;;7101;;;
14480;Patrizierweg;1;;14;;alle;;7101;;;
14480;Ratsweg;1;;5;;U;;7101;;;
14480;Ratsweg;2;;10;A;G;;7101;;;
14480;Schubertstr;;;;;alle;;7101;;;
14480;Steinstr;39;;53;;U;;7101;;;
14480;Tschaikowskiweg;;;;;alle;;7101;;;
14480;Wagnerstr;;;;;alle;;7101;;;
14480;Bahnhofstr;101;;115;;alle;;7102;;;
14480;Gagarinstr;2;;28;;G;;7102;;;
14480;Hans-Grade-Ring;32;;50;;G;;7102;;;
14480;Lilienthalstr;;;;;alle;;7102;;;
14480;Pietschkerstr;42;;44;;G;;7102;;;
14480;Am Mittelbusch;;;;;alle;;7103;;;
14480;Bebraer Str;6;;;;alle;;7103;;;
14480;Fichtenallee;;;;;alle;;7103;;;
14480;Fuldaer Str;;;;;alle;;7103;;;
14480;Im Sch�ferfeld;;;;;alle;;7103;;;
14480;Katharinastr;4;;36;;alle;;7103;;;
14480;Neuendorfer Str;10;;;;alle;;7103;;;
14480;Neuendorfer Str;12;;;;alle;;7103;;;
14480;Neuendorfer Str;14;;;;alle;;7103;;;
14480;Neuendorfer Str;16;;42;;G;;7103;;;
14480;Neuendorfer Str;35;;41;;U;;7103;;;
14480;Pietschkerstr;2;;40;;alle;;7103;;;
14480;Sch�ferweg;;;;;alle;;7103;;;
14480;Turmstr;17;;47;;alle;;7103;;;
14480;Unionssiedlung;;;;;alle;;7103;;;
14480;Flotowstr;1;;35;;U;;7104;;;
14480;Gluckstr;;;;;alle;;7104;;;
14480;Gro�beerenstr;264;;288;;G;;7104;;;
14480;Hubertusdamm;24;B;48;;G;;7104;;;
14480;Hubertusdamm;27;;47;;U;;7104;;;
14480;In der Aue;33;;59;;U;;7104;;;
14480;In der Aue;38;;58;;G;;7104;;;
14480;Mendelssohn-Bartholdy-Str;5;;47;;U;;7104;;;
14480;Patrizierweg;18;;58;;G;;7104;;;
14480;Patrizierweg;21;;39;;U;;7104;;;
14480;Ratsweg;5;B;9;;U;;7104;;;
14480;Ratsweg;12;;16;;G;;7104;;;
14480;Steinstr;59;;85;;U;;7104;;;
14480;An der Parforceheide;;;;;alle;;7105;;;
14480;Flotowstr;6;;8;;G;;7105;;;
14480;Hubertusdamm;49;;79;;U;;7105;;;
14480;Kohlhasenbr�cker Str;106;;;;alle;;7105;;;
14480;Patrizierweg;43;;69;;U;;7105;;;
14480;Patrizierweg;62;;92;;G;;7105;;;
14480;Steinstr;44;B;100;A;G;;7105;;;
14480;Chopinstr;;;;;alle;;7106;;;
14480;Gro�beerenstr;273;;279;;U;;7106;;;
14480;Grotrianstr;13;;15;;U;;7106;;;
14480;Johannes-Kepler-Platz;;;;;alle;;7106;;;
14480;Kellerstr;;;;;alle;;7106;;;
14480;Newtonstr;1;;13;;alle;;7106;;;
14480;R�hrenstr;;;;;alle;;7106;;;
14480;Schwarzschildstr;;;;;alle;;7106;;;
14480;Ziolkowskistr;6;;8;;alle;;7106;;;
14480;Galileistr;1;;17;;U;;7107;;;
14480;Laplacering;;;;;alle;;7107;;;
14480;Newtonstr;19;;35;;U;;7107;;;
14480;Galileistr;19;;39;;U;;7108;;;
14480;Leibnizring;;;;;alle;;7108;;;
14480;Galileistr;41;;57;;U;;7109;;;
14480;Max-Born-Str;1;;17;;U;;7109;;;
14480;Max-Born-Str;2;;8;;G;;7109;;;
14480;Niels-Bohr-Ring;;;;;alle;;7109;;;
14480;Galileistr;18;;;;alle;;7110;;;
14480;Galileistr;59;;75;;U;;7110;;;
14480;Max-Born-Str;10;;26;;G;;7110;;;
14480;Otto-Hahn-Ring;;;;;alle;;7110;;;
14480;Otto-Haseloff-Str;28;;30;;G;;7110;;;
14480;Waldhornweg;12;;13;;alle;;7110;;;
14480;Ziolkowskistr;61;;;;alle;;7110;;;
14480;Eulenkamp;;;;;alle;;7111;;;
14480;Jagdhausstr;16;;33;;alle;;7111;;;
14480;Otto-Haseloff-Str;15;;;;alle;;7111;;;
14480;Otto-Haseloff-Str;24;;24;A;alle;;7111;;;
14480;Otto-Haseloff-Str;25;;;;alle;;7111;;;
14480;Waldhornweg;16;;25;;alle;;7111;;;
14480;Waldhornweg;38;;49;;alle;;7111;;;
14480;Wildeberstr;1;;24;A;alle;;7111;;;
14480;Wildeberstr;43;;55;;alle;;7111;;;
14480;Ziolkowskistr;14;;74;;G;;7111;;;
14480;Ziolkowskistr;15;;43;;U;;7111;;;
14480;Galileistr;77;;89;;alle;;7112;;;
14480;Gau�str;;;;;alle;;7112;;;
14480;Otto-Haseloff-Str;13;;14;;alle;;7112;;;
14480;Sternstr;30;;38;;alle;;7112;;;
14480;Gro�beerenstr;285;;357;B;U;;7113;;;
14480;Grotrianstr;2;;32;;G;;7113;;;
14480;Jagdhausstr;3;;12;;alle;;7113;;;
14480;Kohlhasenbr�cker Str;1;;15;C;alle;;7113;;;
14480;Otto-Haseloff-Str;16;;23;B;alle;;7113;;;
14480;Steinstr;118;;166;;alle;;7113;;;
14480;Waldhornweg;26;;35;A;alle;;7113;;;
14480;Wildeberstr;29;;38;C;alle;;7113;;;
14480;Alt Drewitz;;;;;alle;;7201;;;
14480;Am Friedhof;;;;;alle;;7201;;;
14480;Am Hirtengraben;1;;9;A;alle;;7201;;;
14480;Am Silbergraben;;;;;alle;;7201;;;
14480;Bebraer Str;1;;3;;U;;7201;;;
14480;Clara-Schumann-Str;23;;25;;alle;;7201;;;
14480;GA Am Hirtengraben;;;;;alle;;7201;;;
14480;Gerlachstr;1;;6;;alle;;7201;;;
14480;In den Neuen H�fen;;;;;alle;;7201;;;
14480;Kirchstr;2;;68;;alle;;7201;;;
14480;Neuendorfer Str;1;;17;D;U;;7201;;;
14480;Neuendorfer Str;4;;8;;G;;7201;;;
14480;Neuendorfer Str;10;D;;;alle;;7201;;;
14480;Neuendorfer Str;12;D;;;alle;;7201;;;
14480;Neuendorfer Str;14;D;;;alle;;7201;;;
14480;Neuendorfer Str;46;;74;;alle;;7201;;;
14480;Nuthedamm;2;;30;;alle;;7201;;;
14480;Sternstr;1;;17;;alle;;7201;;;
14480;Sternstr;63;B;82;;alle;;7201;;;
14480;Trebbiner Str;;;;;alle;;7201;;;
14480;Turmstr;1;;10;;alle;;7201;;;
14480;Turmstr;54;;72;;alle;;7201;;;
14480;Zum Kirchsteigfeld;9;;11;;alle;;7201;;;
14480;Asta-Nielsen-Str;;;;;alle;;7202;;;
14480;Erich-Pommer-Str;;;;;alle;;7202;;;
14480;Gerlachstr;23;;41;;alle;;7202;;;
14480;Guido-Seeber-Weg;1;;15;;U;;7202;;;
14480;Hans-Albers-Str;;;;;alle;;7202;;;
14480;Konrad-Wolf-Allee;2;;12;;G;;7202;;;
14480;Sterncenter;;;;;alle;;7202;;;
14480;Sternstr;29;A;;;alle;;7202;;;
14480;Sternstr;41;;51;B;U;;7202;;;
14480;Sternstr;42;;52;A;G;;7202;;;
14480;Zum Kirchsteigfeld;2;;4;;G;;7202;;;
14480;Ernst-Lubitsch-Weg;;;;;alle;;7203;;;
14480;Friedrich-W-Murnau-Str;;;;;alle;;7203;;;
14480;Fritz-Lang-Str;1;;13;;U;;7203;;;
14480;Fritz-Lang-Str;2;;8;;G;;7203;;;
14480;Hertha-Thiele-Weg;2;;12;;G;;7203;;;
14480;Konrad-Wolf-Allee;13;;21;;U;;7203;;;
14480;Paul-Wegener-Str;;;;;alle;;7203;;;
14480;Wolfgang-Staudte-Str;2;;12;;G;;7203;;;
14480;Conrad-Veidt-Str;;;;;alle;;7204;;;
14480;Fritz-Lang-Str;10;;22;;G;;7204;;;
14480;G�nther-Simon-Str;;;;;alle;;7204;;;
14480;Priesterweg;;;;;alle;;7204;;;
14480;Willi-Schiller-Weg;;;;;alle;;7204;;;
14480;Wolfgang-Staudte-Str;1;;23;;U;;7204;;;
14480;Eduard-von-Winterstein-Str;1;;13;;U;;7205;;;
14480;Guido-Seeber-Weg;2;;16;;G;;7205;;;
14480;Hertha-Thiele-Weg;1;;11;;U;;7205;;;
14480;Konrad-Wolf-Allee;14;;24;;G;;7205;;;
14480;Konrad-Wolf-Allee;23;;45;;U;;7205;;;
14480;Sternstr;29;;;;alle;;7205;;;
14480;Willy-A-Kleinau-Weg;2;;30;;G;;7205;;;
14480;Wolfgang-Staudte-Str;14;;24;;G;;7205;;;
14480;Eduard-von-Winterstein-Str;2;;24;;G;;7206;;;
14480;Gerlachstr;10;;;;alle;;7206;;;
14480;Konrad-Wolf-Allee;26;;50;;G;;7206;;;
14480;Konrad-Wolf-Allee;47;;61;;U;;7206;;;
14480;Oskar-Me�ter-Str;;;;;alle;;7206;;;
14480;Robert-Baberske-Str;;;;;alle;;7206;;;
14480;Slatan-Dudow-Str;;;;;alle;;7206;;;
14480;Sternstr;21;;28;;alle;;7206;;;
14480;Sternstr;53;A;62;;alle;;7206;;;
14480;Willy-A-Kleinau-Weg;3;;5;;U;;7206;;;
14480;Am Hirtengraben;11;;19;;U;;7301;;;
14480;Bettina-von-Arnim-Str;;;;;alle;;7301;;;
14480;Dorothea-Schneider-Str;8;;12;;G;;7301;;;
14480;Eleonore-Prochaska-Str;;;;;alle;;7301;;;
14480;Johanna-Just-Str;;;;;alle;;7301;;;
14480;Karoline-Schulze-Str;;;;;alle;;7301;;;
14480;Maxie-Wander-Str;2;;4;;G;;7301;;;
14480;M.-Buber-Neumann-Str;;;;;alle;;7301;;;
14480;Nelly-Sachs-Str;2;;16;;G;;7301;;;
14480;Nelly-Sachs-Str;7;;17;;U;;7301;;;
14480;Ricarda-Huch-Str;2;;16;;G;;7301;;;
14480;Am Hirtengraben;21;;37;;U;;7302;;;
14480;Bellavitestr;;;;;alle;;7302;;;
14480;B�ringstr;;;;;alle;;7302;;;
14480;Dorothea-Schneider-Str;1;;9;;U;;7302;;;
14480;Dorothea-Schneider-Str;2;;6;;G;;7302;;;
14480;Maimi-von-Mirbach-Str;;;;;alle;;7302;;;
14480;Maxie-Wander-Str;1;;9;;U;;7302;;;
14480;Maxie-Wander-Str;6;;16;;G;;7302;;;
14480;Nelly-Sachs-Str;1;;5;;U;;7302;;;
14480;Ricarda-Huch-Str;15;;35;;U;;7302;;;
14480;Ricarda-Huch-Str;18;;42;;G;;7302;;;
14480;Anni-von-Gottberg-Str;6;;14;;G;;7303;;;
14480;Anni-von-Gottberg-Str;11;;;;alle;;7303;;;
14480;Clara-Schumann-Str;6;;22;B;G;;7303;;;
14480;Dorothea-Schneider-Str;14;;18;;G;;7303;;;
14480;Kamblystr;;;;;alle;;7303;;;
14480;Lise-Meitner-Str;1;;25;;U;;7303;;;
14480;Lise-Meitner-Str;2;;28;A;G;;7303;;;
14480;Marie-Hannemann-Str;;;;;alle;;7303;;;
14480;Marie-Juchacz-Str;2;;20;B;G;;7303;;;
14480;Schadowstr;;;;;alle;;7303;;;
14480;Schinkelstr;;;;;alle;;7303;;;
14480;St�lerstr;;;;;alle;;7303;;;
14480;Zum Teich;;;;;alle;;7303;;;
14480;Anni-von-Gottberg-Str;1;;9;;U;;7304;;;
14480;Clara-Schumann-Str;1;;21;;U;;7304;;;
14480;Gertrud-Kolmar-Str;;;;;alle;;7304;;;
14480;Lise-Meitner-Str;27;;29;;U;;7304;;;
14480;Lise-Meitner-Str;30;;34;;G;;7304;;;
14480;Marie-Juchacz-Str;11;;15;;U;;7304;;;
14480;Marie-Juchacz-Str;22;;38;;G;;7304;;;
14480;Mildred-Harnack-Str;;;;;alle;;7304;;;
14480;Pierre-de-Gayette-Str;;;;;alle;;7304;;;
14476;Am Parkplatz;;;;;alle;;8101;;;
14476;Dorfstr (OT Paaren);;;;;alle;;8101;;;
14476;Dorfstr (OT Uetz);;;;;alle;;8101;;;
14476;Kanalweg;;;;;alle;;8101;;;
14476;Kirschweg;;;;;alle;;8101;;;
14476;M�hlenweg (OT Uetz-Paaren);;;;;alle;;8101;;;
14476;Paarener Dorfstr;;;;;alle;;8101;;;
14476;Paarener M�hlenweg;;;;;alle;;8101;;;
14476;Potsdamer Str (OT Uetz-Paaren);;;;;alle;;8101;;;
14476;Schwarzer Weg (OT Uetz-Paaren);;;;;alle;;8101;;;
14476;Siedlung;;;;;alle;;8101;;;
14476;Uetzer Dorfstr;;;;;alle;;8101;;;
14476;Am Friedrichspark;;;;;alle;;8201;;;
14476;Am Garten;;;;;alle;;8201;;;
14476;Am Kanal (OT Marquardt);;;;;alle;;8201;;;
14476;Am Schl�nitzsee;;;;;alle;;8201;;;
14476;Amselweg;;;;;alle;;8201;;;
14476;An der alten Kreisstr;;;;;alle;;8201;;;
14476;An der Eisenbahnbr�cke;;;;;alle;;8201;;;
14476;An der Obstplantage;;;;;alle;;8201;;;
14476;An der Wublitz;;;;;alle;;8201;;;
14476;Blumenweg (OT Marquardt);;;;;alle;;8201;;;
14476;Driftweg;;;;;alle;;8201;;;
14476;Drosselweg;;;;;alle;;8201;;;
14476;Eschenweg;;;;;alle;;8201;;;
14476;Fahrl�nder Str;;;;;alle;;8201;;;
14476;F�hrweg;;;;;alle;;8201;;;
14476;Fasanenweg;;;;;alle;;8201;;;
14476;Finkenweg (OT Marquardt);;;;;alle;;8201;;;
14476;Haseleck;;;;;alle;;8201;;;
14476;Hauptstr (OT Marquardt);;;;;alle;;8201;;;
14476;Im Park;;;;;alle;;8201;;;
14476;Kohlmeisenweg;;;;;alle;;8201;;;
14476;Satzkorner Weg;;;;;alle;;8201;;;
14476;Schoriner Weg;;;;;alle;;8201;;;
14476;Schulstr (OT Marquardt);;;;;alle;;8201;;;
14476;Schusterweg;;;;;alle;;8201;;;
14476;Seestr (OT Marquardt);;;;;alle;;8201;;;
14476;Spielstr;;;;;alle;;8201;;;
14476;Bahnhofstr (OT Satzkorn);;;;;alle;;8301;;;
14476;Birnenweg (OT Satzkorn);;;;;alle;;8301;;;
14476;Dorfstr (OT Satzkorn);;;;;alle;;8301;;;
14476;Eichenallee zur BESTBAU;;;;;alle;;8301;;;
14476;Gladiolenweg;;;;;alle;;8301;;;
14476;Kastanienweg;;;;;alle;;8301;;;
14476;Lilienweg;;;;;alle;;8301;;;
14476;Lindenstr (OT Satzkorn);;;;;alle;;8301;;;
14476;Rosenweg (OT Satzkorn);;;;;alle;;8301;;;
14476;Satzkorner Bergstr;;;;;alle;;8301;;;
14476;Satzkorner Ringstr;;;;;alle;;8301;;;
14476;Stra�e des Friedens;;;;;alle;;8301;;;
14476;Stra�e zum Bahnhof;;;;;alle;;8301;;;
14476;Tulpenweg;;;;;alle;;8301;;;
14476;An den Eisbergst�cken;;;;;alle;;8401;;;
14476;Gellertstr;;;;;alle;;8401;;;
14476;Hannoversche Str;;;;;alle;;8401;;;
14476;Kienhorststr;3;B;4;F;alle;;8401;;;
14476;M�rkerring;;;;;alle;;8401;;;
14476;Milanring;;;;;alle;;8401;;;
14476;M�hlenring;;;;;alle;;8401;;;
14476;Privatweg;;;;;alle;;8401;;;
14476;Rotkehlchenweg;;;;;alle;;8401;;;
14476;Triftweg (OT Fahrland);113;;155;;alle;;8401;;;
14476;Von-Stechow-Str (OT Fahrland);113;;155;;alle;;8401;;;
14476;Am Friedhof (OT Fahrland);;;;;alle;;8402;;;
14476;Am Spitzen Berg;;;;;alle;;8402;;;
14476;Am Upstall;10;;30;;alle;;8402;;;
14476;An den Leddigen;;;;;alle;;8402;;;
14476;An der Windm�hle;;;;;alle;;8402;;;
14476;D�beritzer Str;2;;22;;G;;8402;;;
14476;D�beritzer Str;29;;95;;U;;8402;;;
14476;Dorfstr (OT Fahrland);14;;;;alle;;8402;;;
14476;Fahrl�nder Chaussee;;;;;alle;;8402;;;
14476;Glienicker Weg;;;;;alle;;8402;;;
14476;Hasensteg;;;;;alle;;8402;;;
14476;Im Winkel (OT Fahrland);;;;;alle;;8402;;;
14476;Kartzower Dorfstr;;;;;alle;;8402;;;
14476;Ketziner Str;28;;33;;alle;;8402;;;
14476;Ketziner Str;37;A;37;C;alle;;8402;;;
14476;Am Upstallgraben;;;;;alle;;8403;;;
14476;Am Weinberg (OT Fahrland);;;;;alle;;8403;;;
14476;An der Jubelitz;;;;;alle;;8403;;;
14476;Ketziner Str;1;;12;;alle;;8403;;;
14476;Ketziner Str;33;A;36;E;alle;;8403;;;
14476;Ketziner Str;38;;39;J;alle;;8403;;;
14476;Ketziner Str;50;A;62;;alle;;8403;;;
14476;Kienhorststr;1;A;3;A;alle;;8403;;;
14476;Kienhorststr;5;;8;;alle;;8403;;;
14476;Marquardter Str (OT Fahrland);5;;17;;alle;;8403;;;
14476;Marquardter Str Ausbau;;;;;alle;;8403;;;
14476;M�llerweg;;;;;alle;;8403;;;
14476;Pappelallee (OT Fahrland);;;;;alle;;8403;;;
14476;R�nsahler Str;;;;;alle;;8403;;;
14476;Schmidtweg;;;;;alle;;8403;;;
14476;Triftweg (OT Fahrland);4;;10;;alle;;8403;;;
14476;Von-Stechow-Str (OT Fahrland);1;;10;;alle;;8403;;;
14476;Zum Storchennest;;;;;alle;;8403;;;
14476;Am Upstall;1;;9;;alle;;8404;;;
14476;D�beritzer Str;1;A;27;;U;;8404;;;
14476;Gartenstr (OT Fahrland);;;;;alle;;8404;;;
14476;Ketziner Str;13;;27;;alle;;8404;;;
14476;Ketziner Str;40;;50;;alle;;8404;;;
14476;Kietzer Str;;;;;alle;;8404;;;
14476;Marquardter Str (OT Fahrland);1;;4;A;alle;;8404;;;
14476;Pastor-Moritz-Str;;;;;alle;;8404;;;
14476;Paul-Lange-Bey-Str;;;;;alle;;8404;;;
14476;Priesterstr;;;;;alle;;8404;;;
14476;Weberstr;;;;;alle;;8404;;;
14476;Am F�hrgut;;;;;alle;;8501;;;
14476;Am F�hrenhang;;;;;alle;;8501;;;
14476;Am Gro�en Horn;;;;;alle;;8501;;;
14476;Am Kirchberg;;;;;alle;;8501;;;
14476;Am Krampnitzsee;;;;;alle;;8501;;;
14476;Am Lehnitzsee;;;;;alle;;8501;;;
14476;Am Rehweg;;;;;alle;;8501;;;
14476;Am Stinthorn;;;;;alle;;8501;;;
14476;Am Wiesenrand;;;;;alle;;8501;;;
14476;An der Birnenplantage;;;;;alle;;8501;;;
14476;Anglerkolonie;;;;;alle;;8501;;;
14476;Bassewitzstr;;;;;alle;;8501;;;
14476;Birnenweg (OT Neu Fahrland);;;;;alle;;8501;;;
14476;Fontanestr (OT Neu Fahrland);;;;;alle;;8501;;;
14476;Ganghoferstr;;;;;alle;;8501;;;
14476;G�rtner-Schmidt-Str;;;;;alle;;8501;;;
14476;Heinrich-Heine-Weg;;;;;alle;;8501;;;
14476;Im Apfelgarten;;;;;alle;;8501;;;
14476;Martinsweg;;;;;alle;;8501;;;
14476;Neuhainholz;;;;;alle;;8501;;;
14476;Plantagenweg;;;;;alle;;8501;;;
14476;Ringstr (OT Neu Fahrland);;;;;alle;;8501;;;
14476;Robinsoninsel;;;;;alle;;8501;;;
14476;Schwalbenweg;;;;;alle;;8501;;;
14476;Sonnenweg;;;;;alle;;8501;;;
14476;Tschudistr;;;;;alle;;8501;;;
14476;Zu den drei Mohren;;;;;alle;;8501;;;
14476;Zum Wei�en See;;;;;alle;;8501;;;
14476;Alter Weinberg;;;;;alle;;8601;;;
14476;Am Gutstor;;;;;alle;;8601;;;
14476;Am Park;;;;;alle;;8601;;;
14476;Christoph-Friedrich-Weg;;;;;alle;;8601;;;
14476;Dorfstr (OT Gro� Glienicke);;;;;alle;;8601;;;
14476;Edith-Schollwer-Weg;;;;;alle;;8601;;;
14476;Eva-Katharina-Weg;;;;;alle;;8601;;;
14476;Freiheitstr;2;;34;;G;;8601;;;
14476;Georg-Sigismund-von-Oppen-Weg;;;;;alle;;8601;;;
14476;Glienicker Dorfstr;;;;;alle;;8601;;;
14476;Gro� Glienicker Heide;;;;;alle;;8601;;;
14476;Gr�ner Weg (OT Gro� Glienicke);22;;23;;alle;;8601;;;
14476;Hans-Georg-Str;;;;;alle;;8601;;;
14476;Heinz-Sielmann-Ring;;;;;alle;;8601;;;
14476;Helmut-Just-Str;;;;;alle;;8601;;;
14476;Ida-W�st-Weg;;;;;alle;;8601;;;
14476;Interessentenweg;;;;;alle;;8601;;;
14476;K�the-Haack-Weg;;;;;alle;;8601;;;
14476;Leo-Bauer-Str;;;;;alle;;8601;;;
14476;Maly-Delschaft-Weg;;;;;alle;;8601;;;
14476;Margarethe-Gottliebe-Weg;;;;;alle;;8601;;;
14476;Potsdamer Chaussee (OT Gro� Glienicke);3;;7;A;U;;8601;;;
14476;Rudi-Ball-Str;;;;;alle;;8601;;;
14476;Seeburger Chaussee;;;;;alle;;8601;;;
14476;Triftweg (OT Gro� Glienicke);9;;;;alle;;8601;;;
14476;Von-Oppen-Weg;;;;;alle;;8601;;;
14476;Ahornweg;;;;;alle;;8602;;;
14476;Am Fenn (OT Gro� Glienicke);;;;;alle;;8602;;;
14476;Am Schlahn;;;;;alle;;8602;;;
14476;Am Seeblick;;;;;alle;;8602;;;
14476;Am Waldfrieden;;;;;alle;;8602;;;
14476;Bergstr (OT Gro� Glienicke);35;;51;;U;;8602;;;
14476;Bergstr (OT Gro� Glienicke);40;;60;;G;;8602;;;
14476;Braumannweg;;;;;alle;;8602;;;
14476;Bullenwinkel;;;;;alle;;8602;;;
14476;Dohlenweg;;;;;alle;;8602;;;
14476;Forstallee;;;;;alle;;8602;;;
14476;Hechtsprung;17;;25;;U;;8602;;;
14476;Hechtsprung;20;;26;;G;;8602;;;
14476;Im Hirschen;;;;;alle;;8602;;;
14476;Isoldestr;29;;43;;U;;8602;;;
14476;Isoldestr;30;;46;;G;;8602;;;
14476;Krampnitzer Weg;;;;;alle;;8602;;;
14476;Landhausstr;;;;;alle;;8602;;;
14476;Nibelungenstr;;;;;alle;;8602;;;
14476;Parzivalstr;1;;23;A;U;;8602;;;
14476;Parzivalstr;14;;26;;G;;8602;;;
14476;Parzivalstr;25;;;;alle;;8602;;;
14476;Pilzweg;;;;;alle;;8602;;;
14476;Potsdamer Chaussee (OT Gro� Glienicke);51;;;;alle;;8602;;;
14476;Rehsprung;;;;;alle;;8602;;;
14476;Richard-Wagner-Str;19;;41;;U;;8602;;;
14476;Richard-Wagner-Str;24;;36;;G;;8602;;;
14476;Sacrower Allee;1;;3;;U;;8602;;;
14476;Sacrower Allee;11;;121;;U;;8602;;;
14476;Sacrower Allee;88;;120;;G;;8602;;;
14476;Seepromenade;70;;99;;alle;;8602;;;
14476;Tristanstr;29;;56;;alle;;8602;;;
14476;Waldweg;;;;;alle;;8602;;;
14476;Wendensteig;;;;;alle;;8602;;;
14476;Am Anger;;;;;alle;;8603;;;
14476;An der Sporthalle;;;;;alle;;8603;;;
14476;Bergstr (OT Gro� Glienicke);5;;33;;U;;8603;;;
14476;Bergstr (OT Gro� Glienicke);12;;36;;G;;8603;;;
14476;Christophorusweg;;;;;alle;;8603;;;
14476;Ernst-Th�lmann-Str (OT Gro� Glienicke);;;;;alle;;8603;;;
14476;Hechtsprung;1;;13;;alle;;8603;;;
14476;Hechtsprung;18;;;;alle;;8603;;;
14476;Isoldestr;1;;28;;alle;;8603;;;
14476;Parzivalstr;2;;8;;G;;8603;;;
14476;Ribbeckweg;;;;;alle;;8603;;;
14476;Richard-Wagner-Str;1;;15;;U;;8603;;;
14476;Richard-Wagner-Str;2;;22;;G;;8603;;;
14476;Sacrower Allee;2;A;2;B;alle;;8603;;;
14476;Sacrower Allee;10;;84;;G;;8603;;;
14476;Seepromenade;1;;68;;alle;;8603;;;
14476;St-Anna-Str;;;;;alle;;8603;;;
14476;Tristanstr;1;;28;;alle;;8603;;;
14476;Am Glienicker M�hlenberg;;;;;alle;;8604;;;
14476;An der Kirche;;;;;alle;;8604;;;
14476;Birkenweg;;;;;alle;;8604;;;
14476;Ebereschenweg (OT Gro� Glienicke);;;;;alle;;8604;;;
14476;Freiheitstr;1;;33;;U;;8604;;;
14476;Gr�ner Weg (OT Gro� Glienicke);1;;19;D;alle;;8604;;;
14476;G�ntherweg;;;;;alle;;8604;;;
14476;Hainbuchenweg;;;;;alle;;8604;;;
14476;Hermann-Krome-Weg;;;;;alle;;8604;;;
14476;Potsdamer Chaussee (OT Gro� Glienicke);2;;124;D;G;;8604;;;
14476;Potsdamer Chaussee (OT Gro� Glienicke);17;;31;;U;;8604;;;
14476;Rotdornweg (OT Gro� Glienicke);;;;;alle;;8604;;;
14476;Sacrower Allee;4;;5;;alle;;8604;;;
14476;Schulzenlandweg;;;;;alle;;8604;;;
14476;Theodor-Fontane-Str;;;;;alle;;8604;;;
14476;Triftweg (OT Gro� Glienicke);1;;8;;alle;;8604;;;
14476;Ulrich-Steinhauer-Str;;;;;alle;;8604;;;
